,sEth,dEth,typEth,Source,Destination,proto,sPort,dPort,priority,action
1,*,*,*,*,dcape-na.amazon.com,6,*,443,*,forward
2,*,*,*,*,softwareupdates.amazon.com,6,*,443,*,forward
3,*,*,*,*,3.north-america.pool.ntp.org,17,*,123,*,forward
4,*,*,*,*,224.0.0.22/32,2,*,*,*,forward
5,*,*,*,*,239.255.255.250/32,17,*,1900,*,forward
6,*,ff:ff:ff:ff:ff:ff,0x0800,*,255.255.255.255/32,17,*,67,*,forward
7,*,*,*,*,ntp-g7g.amazon.com,17,*,123,*,forward
8,*,*,*,*,todo-ta-g7g.amazon.com,6,*,443,*,forward
9,*,*,*,*,*,1,*,*,*,forward
10,*,*,*,*,www.example.org,6,*,80,*,forward
11,*,*,*,*,*,17,*,53,*,forward
12,*,*,*,*,pindorama-us-west-2.amazon.com,6,*,443,*,forward
13,*,*,*,*,tinytts-us-west-2.amazon.com,6,*,443,*,forward
14,*,*,*,*,208.67.220.220/32,17,*,53,*,forward
15,*,*,*,*,device-fingerprintdb-v1.s3.amazonaws.com,6,*,443,*,forward
16,*,*,*,*,api.amazonalexa.com,6,*,443,*,forward
17,*,*,*,*,www.example.com,6,*,80,*,forward
18,*,*,*,*,1.north-america.pool.ntp.org,17,*,123,*,forward
19,*,*,*,*,www.meethue.com,6,*,443,*,forward
20,*,*,*,*,*,17,*,67,*,forward
21,*,*,*,*,2.north-america.pool.ntp.org,17,*,123,*,forward
22,*,*,*,*,kindle-time.amazon.com,6,*,80,*,forward
23,*,*,*,*,device-metrics-us.amazon.com,6,*,443,*,forward
24,*,*,*,*,files.whooshkaa.com,6,*,443,*,forward
25,*,*,*,*,224.0.0.251/32,17,*,5353,*,forward
26,*,*,*,*,pins.amazon.com,17,*,33434,*,forward
27,*,*,*,*,media.whooshkaa.com,6,*,443,*,forward
28,*,*,*,*,0.north-america.pool.ntp.org,17,*,123,*,forward
29,*,*,*,*,www.example.net,6,*,80,*,forward
30,*,*,*,3.north-america.pool.ntp.org,*,17,123,*,*,forward
31,*,*,*,ntp-g7g.amazon.com,*,17,123,*,*,forward
32,*,*,*,api.amazonalexa.com,*,6,443,*,*,forward
33,*,*,*,tinytts-us-west-2.amazon.com,*,6,443,*,*,forward
34,*,*,*,2.north-america.pool.ntp.org,*,17,123,*,*,forward
35,*,*,*,todo-ta-g7g.amazon.com,*,6,443,*,*,forward
36,*,*,*,1.north-america.pool.ntp.org,*,17,123,*,*,forward
37,*,*,*,0.north-america.pool.ntp.org,*,17,123,*,*,forward
38,*,*,*,www.example.com,*,6,80,*,*,forward
39,*,*,*,*,*,17,67,*,*,forward
40,*,*,*,208.67.220.220/32,*,17,53,*,*,forward
41,*,*,*,device-metrics-us.amazon.com,*,6,443,*,*,forward
42,*,*,*,*,*,1,*,*,*,forward
43,*,*,*,device-fingerprintdb-v1.s3.amazonaws.com,*,6,443,*,*,forward
44,*,*,*,*,*,17,53,*,*,forward
45,*,*,*,dcape-na.amazon.com,*,6,443,*,*,forward
46,*,*,*,www.meethue.com,*,6,443,*,*,forward
47,*,*,*,files.whooshkaa.com,*,6,443,*,*,forward
48,*,*,*,pins.amazon.com,*,17,33434,*,*,forward
49,*,*,*,kindle-time.amazon.com,*,6,80,*,*,forward
50,*,*,*,media.whooshkaa.com,*,6,443,*,*,forward
51,*,*,*,softwareupdates.amazon.com,*,6,443,*,*,forward
52,*,*,*,www.example.net,*,6,80,*,*,forward
53,*,*,*,*,*,17,*,50000,*,forward
54,*,*,*,www.example.org,*,6,80,*,*,forward
55,*,*,*,pindorama-us-west-2.amazon.com,*,6,443,*,*,forward
56,*,*,0x0006,*,*,*,*,*,*,forward
57,*,*,0x888e,*,*,*,*,*,*,forward
58,*,*,*,*,336971aac5bba454b967-3ec27f5c732731b07836c69a45967ad6.ssl.cf1.rackcdn.com,6,*,443,*,forward
59,*,ff:ff:ff:ff:ff:ff,0x0800,*,255.255.255.255/32,17,*,67,*,forward
60,*,*,*,*,rpsv2.video-cloud.net,6,*,443,*,forward
61,*,*,*,*,iconfig.august.com,6,*,443,*,forward
62,*,*,*,*,*,17,*,53,*,forward
63,*,*,*,*,rpsv12.video-cloud.net,6,*,443,*,forward
64,*,*,*,*,vcsv2.video-cloud.net,6,*,443,*,forward
65,*,*,*,*,8.8.4.4/32,1,*,*,*,forward
66,*,*,*,*,rpsv3.video-cloud.net,6,*,443,*,forward
67,*,*,*,*,doorbells.august.com,1,*,*,*,forward
68,*,*,*,*,rpsv7.video-cloud.net,6,*,443,*,forward
69,*,*,*,*,v2servers.video-cloud.net,6,*,443,*,forward
70,*,*,*,*,8.8.8.8/32,17,*,53,*,forward
71,*,*,*,*,*,17,*,67,*,forward
72,*,*,*,*,rpsv11.video-cloud.net,6,*,443,*,forward
73,*,*,*,*,rpsv222.video-cloud.net,6,*,443,*,forward
74,*,*,*,*,august.pubnub.com,6,*,443,*,forward
75,*,*,*,*,logger.august.com,6,*,443,*,forward
76,*,*,*,*,s3-us-west-2.amazonaws.com,6,*,443,*,forward
77,*,*,*,*,rpsv4.video-cloud.net,6,*,443,*,forward
78,*,*,*,*,doorbells.august.com,6,*,443,*,forward
79,*,*,*,*,rbs-sticky.august.com,6,*,443,*,forward
80,*,*,*,*,rpsv1.video-cloud.net,6,*,443,*,forward
81,*,*,*,*,rpsv10.video-cloud.net,6,*,443,*,forward
82,*,*,*,*,rpsv5.video-cloud.net,6,*,443,*,forward
83,*,*,*,*,dmsv2.video-cloud.net,6,*,443,*,forward
84,*,*,*,*,8.8.8.8/32,1,*,*,*,forward
85,*,*,*,rpsv7.video-cloud.net,*,6,443,*,*,forward
86,*,*,*,august.pubnub.com,*,6,443,*,*,forward
87,*,*,*,rpsv2.video-cloud.net,*,6,443,*,*,forward
88,*,*,*,s3-us-west-2.amazonaws.com,*,6,443,*,*,forward
89,*,*,*,logger.august.com,*,6,443,*,*,forward
90,*,*,*,336971aac5bba454b967-3ec27f5c732731b07836c69a45967ad6.ssl.cf1.rackcdn.com,*,6,443,*,*,forward
91,*,*,*,rpsv11.video-cloud.net,*,6,443,*,*,forward
92,*,*,*,dmsv2.video-cloud.net,*,6,443,*,*,forward
93,*,*,*,*,*,17,67,*,*,forward
94,*,*,*,doorbells.august.com,*,1,*,*,*,forward
95,*,*,*,8.8.8.8/32,*,17,53,*,*,forward
96,*,*,*,rpsv1.video-cloud.net,*,6,443,*,*,forward
97,*,*,*,rpsv4.video-cloud.net,*,6,443,*,*,forward
98,*,*,*,rpsv3.video-cloud.net,*,6,443,*,*,forward
99,*,*,*,*,*,17,53,*,*,forward
100,*,*,*,v2servers.video-cloud.net,*,6,443,*,*,forward
101,*,*,*,iconfig.august.com,*,6,443,*,*,forward
102,*,*,*,rpsv222.video-cloud.net,*,6,443,*,*,forward
103,*,*,*,rpsv10.video-cloud.net,*,6,443,*,*,forward
104,*,*,*,doorbells.august.com,*,6,443,*,*,forward
105,*,*,*,vcsv2.video-cloud.net,*,6,443,*,*,forward
106,*,*,*,rpsv5.video-cloud.net,*,6,443,*,*,forward
107,*,*,*,8.8.8.8/32,*,1,*,*,*,forward
108,*,*,*,8.8.4.4/32,*,1,*,*,*,forward
109,*,*,*,rbs-sticky.august.com,*,6,443,*,*,forward
110,*,*,*,rpsv12.video-cloud.net,*,6,443,*,*,forward
111,*,*,*,*,*,17,*,547,*,forward
112,*,*,*,*,*,58,*,*,*,forward
113,*,*,*,*,*,58,*,*,*,forward
114,*,*,*,*,*,17,*,53,*,forward
115,*,*,*,*,*,0,*,*,*,forward
116,*,*,*,*,*,17,*,53,*,forward
117,*,*,*,*,*,58,*,*,*,forward
118,*,*,*,*,*,17,547,*,*,forward
119,*,*,*,*,*,17,53,*,*,forward
120,*,*,*,*,*,17,53,*,*,forward
121,*,*,0x0006,*,*,*,*,*,*,forward
122,*,*,0x888e,*,*,*,*,*,*,forward
123,*,*,*,*,*,17,*,67,*,forward
124,*,*,*,*,*,17,*,53,*,forward
125,*,*,*,*,ota.awair.is,6,*,443,*,forward
126,*,*,*,*,timeserver.awair.is,6,*,443,*,forward
127,*,ff:ff:ff:ff:ff:ff,0x0800,*,255.255.255.255/32,17,*,67,*,forward
128,*,*,*,*,messaging.awair.is,6,*,8883,*,forward
129,*,*,*,*,8.8.8.8/32,17,*,53,*,forward
130,*,*,*,messaging.awair.is,*,6,8883,*,*,forward
131,*,*,*,*,*,17,53,*,*,forward
132,*,*,*,timeserver.awair.is,*,6,443,*,*,forward
133,*,*,*,*,*,17,67,*,*,forward
134,*,*,*,8.8.8.8/32,*,17,53,*,*,forward
135,*,*,*,ota.awair.is,*,6,443,*,*,forward
136,*,*,0x888e,*,*,*,*,*,*,forward
137,*,*,0x0006,*,*,*,*,*,*,forward
138,*,*,*,*,origin.belkin-us.tendplatform.com,6,*,443,*,forward
139,*,*,*,*,api.xbcs.net,6,*,8443,*,forward
140,*,*,*,*,*,6,*,5104,*,forward
141,*,*,*,*,*,17,*,67,*,forward
142,*,*,*,*,239.255.255.250/32,17,*,1900,*,forward
143,*,*,*,*,*,6,*,3478,*,forward
144,*,*,*,*,*,1,*,*,*,forward
145,*,*,*,*,ping.seedonk.com,1,*,*,*,forward
146,*,*,*,*,prod1-nat-xbcs-net-1543133972.us-east-1.elb.amazonaws.com,6,*,3475,*,forward
147,*,*,*,*,devices.xbcs.net,6,*,8899,*,forward
148,*,*,*,*,*,6,9207,*,*,forward
149,*,*,*,*,time.windows.com,17,*,123,*,forward
150,*,*,*,*,239.255.255.250/32,2,*,*,*,forward
151,*,*,*,*,*,17,*,53,*,forward
152,*,*,*,*,origin.belkin-us.tendplatform.com,6,*,5104,*,forward
153,*,*,*,*,*,6,49154,*,*,forward
154,*,*,*,*,*,17,*,*,*,forward
155,*,*,*,*,nat.xbcs.net,6,*,3475,*,forward
156,*,*,*,*,224.0.0.2/32,2,*,*,*,forward
157,*,*,*,*,www.google.com,1,*,*,*,forward
158,*,*,*,*,8.8.8.8/32,17,*,53,*,forward
159,*,*,*,*,*,6,49153,*,*,forward
160,*,*,*,ping.seedonk.com,*,1,*,*,*,forward
161,*,*,*,*,*,1,*,*,*,forward
162,*,*,*,origin.belkin-us.tendplatform.com,*,6,443,*,*,forward
163,*,*,*,*,*,17,53,*,*,forward
164,*,*,*,origin.belkin-us.tendplatform.com,*,6,5104,*,*,forward
165,*,*,*,*,*,6,*,49153,*,forward
166,*,*,*,devices.xbcs.net,*,6,8899,*,*,forward
167,*,*,*,*,*,6,*,9207,*,forward
168,*,*,*,time.windows.com,*,17,123,*,*,forward
169,*,*,*,*,*,6,*,49154,*,forward
170,*,*,*,*,*,17,*,*,*,forward
171,*,*,*,www.google.com,*,1,*,*,*,forward
172,*,*,*,*,*,17,67,*,*,forward
173,*,*,*,*,*,6,5104,*,*,forward
174,*,*,*,8.8.8.8/32,*,17,53,*,*,forward
175,*,*,*,prod1-nat-xbcs-net-1543133972.us-east-1.elb.amazonaws.com,*,6,3475,*,*,forward
176,*,*,*,*,*,6,3478,*,*,forward
177,*,*,*,nat.xbcs.net,*,6,3475,*,*,forward
178,*,*,*,api.xbcs.net,*,6,8443,*,*,forward
179,*,*,0x888e,*,*,*,*,*,*,forward
180,*,*,0x0006,*,*,*,*,*,*,forward
181,*,*,*,*,224.0.0.1/32,2,*,*,*,forward
182,*,*,*,*,tech.carematix.com,6,*,8777,*,forward
183,*,*,*,*,*,17,*,53,*,forward
184,*,ff:ff:ff:ff:ff:ff,0x0800,*,255.255.255.255/32,17,*,67,*,forward
185,*,*,*,*,*,17,53,*,*,forward
186,*,*,*,tech.carematix.com,*,6,8777,*,*,forward
187,*,*,*,*,*,17,67,*,*,forward
188,*,*,0x888e,*,*,*,*,*,*,forward
189,*,*,0x0006,*,*,*,*,*,*,forward
190,*,*,*,*,*,17,*,67,*,forward
191,*,*,*,*,h.canaryis.com,6,*,80,*,forward
192,*,*,*,*,m.canaryis.com,6,*,443,*,forward
193,*,ff:ff:ff:ff:ff:ff,0x0800,*,255.255.255.255/32,17,*,67,*,forward
194,*,*,*,*,ipv4.connman.net,6,*,80,*,forward
195,*,*,*,*,b.canaryis.com,6,*,443,*,forward
196,*,*,*,*,09-wl2-d-prod.canaryis.com,6,*,443,*,forward
197,*,*,*,*,v.canaryis.com,6,*,443,*,forward
198,*,*,*,*,o.canaryis.com,6,*,443,*,forward
199,*,*,*,*,i.canaryis.com,6,*,80,*,forward
200,*,*,*,*,*,17,*,53,*,forward
201,*,*,*,*,i.canaryis.com,6,*,443,*,forward
202,*,*,*,*,h.canaryis.com,6,*,443,*,forward
203,*,*,*,i.canaryis.com,*,6,443,*,*,forward
204,*,*,*,b.canaryis.com,*,6,443,*,*,forward
205,*,*,*,i.canaryis.com,*,6,80,*,*,forward
206,*,*,*,09-wl2-d-prod.canaryis.com,*,6,443,*,*,forward
207,*,*,*,h.canaryis.com,*,6,80,*,*,forward
208,*,*,*,*,*,17,53,*,*,forward
209,*,*,*,o.canaryis.com,*,6,443,*,*,forward
210,*,*,*,h.canaryis.com,*,6,443,*,*,forward
211,*,*,*,ipv4.connman.net,*,6,80,*,*,forward
212,*,*,*,*,*,17,67,*,*,forward
213,*,*,*,v.canaryis.com,*,6,443,*,*,forward
214,*,*,*,m.canaryis.com,*,6,443,*,*,forward
215,*,*,0x888e,*,*,*,*,*,*,forward
216,*,*,0x0006,*,*,*,*,*,*,forward
217,*,*,0x888e,*,*,*,*,*,*,forward
218,*,*,0x0006,*,*,*,*,*,*,forward
219,*,*,*,*,ad.doubleclick.net,6,*,443,*,forward
220,*,*,*,*,224.0.0.251/32,2,*,*,*,forward
221,*,*,*,*,pagead2.googlesyndication.com,17,*,443,*,forward
222,*,*,*,*,www.googleapis.com,17,*,443,*,forward
223,*,*,*,*,ajax.googleapis.com,6,*,443,*,forward
224,*,*,*,*,*,17,*,53,*,forward
225,*,*,*,*,storage.googleapis.com,6,*,443,*,forward
226,*,*,*,*,googleads.g.doubleclick.net,6,*,443,*,forward
227,*,*,*,*,tools.google.com,17,*,443,*,forward
228,*,*,*,*,*,6,8009,*,*,forward
229,*,*,*,*,r1---sn-55goxu-ntqe.googlevideo.com,17,*,443,*,forward
230,*,*,*,*,8.8.8.8/32,17,*,53,*,forward
231,*,*,*,*,android.clients.google.com,6,*,80,*,forward
232,*,*,*,*,yt3.ggpht.com,6,*,443,*,forward
233,*,*,*,*,www.youtube-nocookie.com,17,*,443,*,forward
234,*,*,*,*,ssl.gstatic.com,6,*,443,*,forward
235,*,*,*,*,google.com,6,*,443,*,forward
236,*,*,*,*,tools.google.com,6,*,443,*,forward
237,*,*,*,*,ad.doubleclick.net,17,*,443,*,forward
238,*,*,*,*,ssl.gstatic.com,6,*,80,*,forward
239,*,*,*,*,time.google.com,17,*,123,*,forward
240,*,*,*,*,8.8.8.8/32,1,*,*,*,forward
241,*,*,*,*,fonts.googleapis.com,6,*,443,*,forward
242,*,*,*,*,clients4.google.com,6,*,80,*,forward
243,*,*,*,*,lh6.googleusercontent.com,17,*,443,*,forward
244,*,*,*,*,www.gstatic.com,6,*,443,*,forward
245,*,*,*,*,lh5.googleusercontent.com,6,*,443,*,forward
246,*,*,*,*,239.255.255.250/32,2,*,*,*,forward
247,*,*,*,*,connectivitycheck.gstatic.com,17,*,443,*,forward
248,*,*,*,*,android.clients.google.com,17,*,443,*,forward
249,*,*,*,*,i.ytimg.com,6,*,443,*,forward
250,*,*,*,*,ade.googlesyndication.com,6,*,443,*,forward
251,*,*,*,*,clients2.google.com,6,*,443,*,forward
252,*,*,*,*,fonts.googleapis.com,17,*,443,*,forward
253,*,*,*,*,clients4.google.com,6,*,443,*,forward
254,*,*,*,*,fonts.gstatic.com,6,*,443,*,forward
255,*,*,*,*,lh3.googleusercontent.com,6,*,443,*,forward
256,*,*,*,*,fonts.gstatic.com,17,*,443,*,forward
257,*,*,*,*,www.youtube.com,6,*,80,*,forward
258,*,*,*,*,clients1.google.com,17,*,443,*,forward
259,*,*,*,*,www.gstatic.com,6,*,80,*,forward
260,*,*,*,*,google.com,6,*,80,*,forward
261,*,*,*,*,r2---sn-ntq7yned.googlevideo.com,17,*,443,*,forward
262,*,*,*,*,clients2.google.com,6,*,80,*,forward
263,*,*,*,*,r4---sn-ntqe6n76.googlevideo.com,17,*,443,*,forward
264,*,*,*,*,clients3.google.com,6,*,443,*,forward
265,*,*,*,*,tools.google.com,6,*,80,*,forward
266,*,*,*,*,224.0.0.22/32,2,*,*,*,forward
267,*,*,*,*,239.255.255.250/32,17,*,1900,*,forward
268,*,ff:ff:ff:ff:ff:ff,0x0800,*,255.255.255.255/32,17,*,67,*,forward
269,*,*,*,*,clients3.google.com,1,*,*,*,forward
270,*,*,*,*,clients3.google.com,17,*,443,*,forward
271,*,*,*,*,mtalk.google.com,6,*,5228,*,forward
272,*,*,*,*,storage.googleapis.com,17,*,443,*,forward
273,*,*,*,*,android.clients.google.com,1,*,*,*,forward
274,*,*,*,*,r3---sn-55goxu-ntqe.googlevideo.com,17,*,443,*,forward
275,*,*,*,*,*,1,*,*,*,forward
276,*,*,*,*,lh4.googleusercontent.com,17,*,443,*,forward
277,*,*,*,*,clients1.google.com,6,*,80,*,forward
278,*,*,*,*,www.googleapis.com,6,*,443,*,forward
279,*,*,*,*,android.clients.google.com,6,*,443,*,forward
280,*,*,*,*,pagead2.googlesyndication.com,6,*,443,*,forward
281,*,*,*,*,google.com,17,*,443,*,forward
282,*,*,*,*,cdn.ravenjs.com,6,*,443,*,forward
283,*,*,*,*,www.gstatic.com,17,*,443,*,forward
284,*,*,*,*,www.youtube.com,17,*,443,*,forward
285,*,*,*,*,yt3.ggpht.com,17,*,443,*,forward
286,*,*,*,*,lh3.googleusercontent.com,17,*,443,*,forward
287,*,*,*,*,googleads.g.doubleclick.net,17,*,443,*,forward
288,*,*,*,*,google.com,1,*,*,*,forward
289,*,*,*,*,lh6.googleusercontent.com,6,*,443,*,forward
290,*,*,*,*,224.0.0.251/32,17,*,5353,*,forward
291,*,*,*,*,fonts.gstatic.com,6,*,80,*,forward
292,*,*,*,*,clients4.google.com,1,*,*,*,forward
293,*,*,*,*,connectivitycheck.gstatic.com,6,*,80,*,forward
294,*,*,*,*,clients2.google.com,17,*,443,*,forward
295,*,*,*,*,224.0.0.2/32,2,*,*,*,forward
296,*,*,*,*,r1---sn-55goxu-ntqe.googlevideo.com,6,*,443,*,forward
297,*,*,*,*,clients1.google.com,6,*,443,*,forward
298,*,*,*,*,ajax.googleapis.com,17,*,443,*,forward
299,*,*,*,*,clients1.google.com,1,*,*,*,forward
300,*,*,*,*,secure.insightexpressai.com,6,*,443,*,forward
301,*,*,*,*,cast.scdn.co,6,*,443,*,forward
302,*,*,*,*,securepubads.g.doubleclick.net,6,*,443,*,forward
303,*,*,*,*,tools.google.com,1,*,*,*,forward
304,*,*,*,*,clients4.google.com,17,*,443,*,forward
305,*,*,*,*,api-partner.spotify.com,6,*,443,*,forward
306,*,*,*,*,www.youtube.com,1,*,*,*,forward
307,*,*,*,*,www.youtube.com,6,*,443,*,forward
308,*,*,*,*,clients2.google.com,1,*,*,*,forward
309,*,*,*,*,ssl.gstatic.com,17,*,443,*,forward
310,*,*,*,*,ade.googlesyndication.com,17,*,443,*,forward
311,*,*,*,*,*,17,*,67,*,forward
312,*,*,*,*,r4---sn-ntqe6n76.googlevideo.com,6,*,443,*,forward
313,*,*,*,*,clients3.google.com,6,*,80,*,forward
314,*,*,*,*,lh5.googleusercontent.com,17,*,443,*,forward
315,*,*,*,*,www.youtube-nocookie.com,6,*,443,*,forward
316,*,*,*,*,connectivitycheck.gstatic.com,6,*,443,*,forward
317,*,*,*,*,lh4.googleusercontent.com,6,*,443,*,forward
318,*,*,*,*,*,6,8008,*,*,forward
319,*,*,*,*,securepubads.g.doubleclick.net,17,*,443,*,forward
320,*,*,*,*,i.ytimg.com,17,*,443,*,forward
321,*,*,*,ssl.gstatic.com,*,6,80,*,*,forward
322,*,*,*,cast.scdn.co,*,6,443,*,*,forward
323,*,*,*,www.youtube.com,*,6,443,*,*,forward
324,*,*,*,lh4.googleusercontent.com,*,6,443,*,*,forward
325,*,*,*,android.clients.google.com,*,17,443,*,*,forward
326,*,*,*,clients2.google.com,*,17,443,*,*,forward
327,*,*,*,www.youtube-nocookie.com,*,17,443,*,*,forward
328,*,*,*,clients3.google.com,*,6,80,*,*,forward
329,*,*,*,clients3.google.com,*,6,443,*,*,forward
330,*,*,*,r2---sn-ntq7yned.googlevideo.com,*,17,443,*,*,forward
331,*,*,*,www.gstatic.com,*,6,443,*,*,forward
332,*,*,*,googleads.g.doubleclick.net,*,6,443,*,*,forward
333,*,*,*,*,*,17,67,*,*,forward
334,*,*,*,clients3.google.com,*,17,443,*,*,forward
335,*,*,*,clients1.google.com,*,6,443,*,*,forward
336,*,*,*,8.8.8.8/32,*,17,53,*,*,forward
337,*,*,*,lh6.googleusercontent.com,*,17,443,*,*,forward
338,*,*,*,clients1.google.com,*,1,*,*,*,forward
339,*,*,*,r4---sn-ntqe6n76.googlevideo.com,*,6,443,*,*,forward
340,*,*,*,tools.google.com,*,6,80,*,*,forward
341,*,*,*,*,*,1,*,*,*,forward
342,*,*,*,r1---sn-55goxu-ntqe.googlevideo.com,*,17,443,*,*,forward
343,*,*,*,r4---sn-ntqe6n76.googlevideo.com,*,17,443,*,*,forward
344,*,*,*,*,*,17,53,*,*,forward
345,*,*,*,tools.google.com,*,1,*,*,*,forward
346,*,*,*,lh4.googleusercontent.com,*,17,443,*,*,forward
347,*,*,*,google.com,*,1,*,*,*,forward
348,*,*,*,clients4.google.com,*,17,443,*,*,forward
349,*,*,*,*,*,6,*,8008,*,forward
350,*,*,*,time.google.com,*,17,123,*,*,forward
351,*,*,*,mtalk.google.com,*,6,5228,*,*,forward
352,*,*,*,www.gstatic.com,*,6,80,*,*,forward
353,*,*,*,www.youtube.com,*,6,80,*,*,forward
354,*,*,*,lh3.googleusercontent.com,*,17,443,*,*,forward
355,*,*,*,fonts.gstatic.com,*,17,443,*,*,forward
356,*,*,*,8.8.8.8/32,*,1,*,*,*,forward
357,*,*,*,android.clients.google.com,*,6,443,*,*,forward
358,*,*,*,yt3.ggpht.com,*,17,443,*,*,forward
359,*,*,*,securepubads.g.doubleclick.net,*,6,443,*,*,forward
360,*,*,*,clients2.google.com,*,6,80,*,*,forward
361,*,*,*,clients4.google.com,*,1,*,*,*,forward
362,*,*,*,ade.googlesyndication.com,*,6,443,*,*,forward
363,*,*,*,fonts.gstatic.com,*,6,443,*,*,forward
364,*,*,*,cdn.ravenjs.com,*,6,443,*,*,forward
365,*,*,*,connectivitycheck.gstatic.com,*,6,80,*,*,forward
366,*,*,*,www.gstatic.com,*,17,443,*,*,forward
367,*,*,*,clients2.google.com,*,1,*,*,*,forward
368,*,*,*,secure.insightexpressai.com,*,6,443,*,*,forward
369,*,*,*,storage.googleapis.com,*,6,443,*,*,forward
370,*,*,*,fonts.googleapis.com,*,6,443,*,*,forward
371,*,*,*,clients4.google.com,*,6,443,*,*,forward
372,*,*,*,ajax.googleapis.com,*,17,443,*,*,forward
373,*,*,*,connectivitycheck.gstatic.com,*,17,443,*,*,forward
374,*,*,*,google.com,*,6,443,*,*,forward
375,*,*,*,www.youtube.com,*,1,*,*,*,forward
376,*,*,*,www.youtube-nocookie.com,*,6,443,*,*,forward
377,*,*,*,r3---sn-55goxu-ntqe.googlevideo.com,*,17,443,*,*,forward
378,*,*,*,api-partner.spotify.com,*,6,443,*,*,forward
379,*,*,*,lh6.googleusercontent.com,*,6,443,*,*,forward
380,*,*,*,clients2.google.com,*,6,443,*,*,forward
381,*,*,*,lh5.googleusercontent.com,*,17,443,*,*,forward
382,*,*,*,ade.googlesyndication.com,*,17,443,*,*,forward
383,*,*,*,android.clients.google.com,*,1,*,*,*,forward
384,*,*,*,storage.googleapis.com,*,17,443,*,*,forward
385,*,*,*,clients4.google.com,*,6,80,*,*,forward
386,*,*,*,pagead2.googlesyndication.com,*,17,443,*,*,forward
387,*,*,*,*,*,6,*,8009,*,forward
388,*,*,*,ad.doubleclick.net,*,6,443,*,*,forward
389,*,*,*,google.com,*,6,80,*,*,forward
390,*,*,*,lh3.googleusercontent.com,*,6,443,*,*,forward
391,*,*,*,google.com,*,17,443,*,*,forward
392,*,*,*,android.clients.google.com,*,6,80,*,*,forward
393,*,*,*,clients3.google.com,*,1,*,*,*,forward
394,*,*,*,ssl.gstatic.com,*,6,443,*,*,forward
395,*,*,*,yt3.ggpht.com,*,6,443,*,*,forward
396,*,*,*,www.youtube.com,*,17,443,*,*,forward
397,*,*,*,googleads.g.doubleclick.net,*,17,443,*,*,forward
398,*,*,*,www.googleapis.com,*,6,443,*,*,forward
399,*,*,*,tools.google.com,*,6,443,*,*,forward
400,*,*,*,i.ytimg.com,*,17,443,*,*,forward
401,*,*,*,fonts.gstatic.com,*,6,80,*,*,forward
402,*,*,*,ad.doubleclick.net,*,17,443,*,*,forward
403,*,*,*,i.ytimg.com,*,6,443,*,*,forward
404,*,*,*,clients1.google.com,*,6,80,*,*,forward
405,*,*,*,ssl.gstatic.com,*,17,443,*,*,forward
406,*,*,*,r1---sn-55goxu-ntqe.googlevideo.com,*,6,443,*,*,forward
407,*,*,*,lh5.googleusercontent.com,*,6,443,*,*,forward
408,*,*,*,www.googleapis.com,*,17,443,*,*,forward
409,*,*,*,ajax.googleapis.com,*,6,443,*,*,forward
410,*,*,*,connectivitycheck.gstatic.com,*,6,443,*,*,forward
411,*,*,*,tools.google.com,*,17,443,*,*,forward
412,*,*,*,pagead2.googlesyndication.com,*,6,443,*,*,forward
413,*,*,*,clients1.google.com,*,17,443,*,*,forward
414,*,*,*,securepubads.g.doubleclick.net,*,17,443,*,*,forward
415,*,*,*,fonts.googleapis.com,*,17,443,*,*,forward
416,*,*,*,*,*,58,*,*,*,forward
417,*,*,*,*,*,0,*,*,*,forward
418,*,*,0x0006,*,*,*,*,*,*,forward
419,*,*,0x888e,*,*,*,*,*,*,forward
420,*,*,*,*,pool.ntp.org,17,*,123,*,forward
421,*,*,*,*,oculus2275-us1.dropcam.com,6,*,443,*,forward
422,*,*,*,*,*,17,*,67,*,forward
423,*,*,*,*,nexus.dropcam.com,6,*,443,*,forward
424,*,*,*,*,*,17,*,53,*,forward
425,*,ff:ff:ff:ff:ff:ff,0x0800,*,255.255.255.255/32,17,*,67,*,forward
426,*,*,*,*,nexus-us1.dropcam.com,6,*,443,*,forward
427,*,*,*,*,8.8.4.4/32,17,*,53,*,forward
428,*,*,*,*,8.8.8.8/32,17,*,53,*,forward
429,*,*,*,oculus2275-us1.dropcam.com,*,6,443,*,*,forward
430,*,*,*,nexus-us1.dropcam.com,*,6,443,*,*,forward
431,*,*,*,*,*,17,53,*,*,forward
432,*,*,*,nexus.dropcam.com,*,6,443,*,*,forward
433,*,*,*,*,*,17,67,*,*,forward
434,*,*,*,8.8.8.8/32,*,17,53,*,*,forward
435,*,*,*,8.8.4.4/32,*,17,53,*,*,forward
436,*,*,*,pool.ntp.org,*,17,123,*,*,forward
437,*,*,0x888e,*,*,*,*,*,*,forward
438,*,*,0x0006,*,*,*,*,*,*,forward
439,*,*,*,*,*,17,*,67,*,forward
440,*,*,*,*,*,17,*,53,*,forward
441,*,*,*,*,puppeteer.toytalk.com,6,*,443,*,forward
442,*,ff:ff:ff:ff:ff:ff,0x0800,*,255.255.255.255/32,17,*,67,*,forward
443,*,*,*,*,firmware.toytalk.com,6,*,443,*,forward
444,*,*,*,*,storage.toytalk.com,6,*,443,*,forward
445,*,*,*,*,*,17,53,*,*,forward
446,*,*,*,puppeteer.toytalk.com,*,6,443,*,*,forward
447,*,*,*,firmware.toytalk.com,*,6,443,*,*,forward
448,*,*,*,*,*,17,67,*,*,forward
449,*,*,*,storage.toytalk.com,*,6,443,*,*,forward
450,*,*,0x888e,*,*,*,*,*,*,forward
451,*,*,0x0006,*,*,*,*,*,*,forward
452,*,*,*,*,xmpp009.hpeprint.com,6,*,5222,*,forward
453,*,*,*,*,224.0.1.60/32,2,*,*,*,forward
454,*,ff:ff:ff:ff:ff:ff,0x0800,*,255.255.255.255/32,17,*,67,*,forward
455,*,*,*,*,xmpp009.hpeprint.com,6,*,443,*,forward
456,*,*,*,*,xmpp009.hpeprint.com,6,*,80,*,forward
457,*,ff:ff:ff:ff:ff:ff,0x0800,*,*,17,*,137,*,forward
458,*,*,*,*,239.255.255.250/32,2,*,*,*,forward
459,*,*,*,*,*,17,*,53,*,forward
460,*,*,*,*,224.0.0.252/32,17,*,5355,*,forward
461,*,*,*,*,*,17,*,67,*,forward
462,*,*,*,*,chat.hpeprint.com,6,*,80,*,forward
463,*,*,*,*,224.0.0.251/32,17,*,5353,*,forward
464,*,*,*,*,xmpp009.hpeprint.com,6,*,5223,*,forward
465,*,*,*,*,chat.hpeprint.com,6,*,443,*,forward
466,*,*,*,*,h10141.www1.hp.com,6,*,80,*,forward
467,*,*,*,*,*,17,5353,*,*,forward
468,*,*,*,*,*,6,80,*,*,forward
469,*,*,*,xmpp009.hpeprint.com,*,6,80,*,*,forward
470,*,*,*,*,*,17,53,*,*,forward
471,*,*,*,h10141.www1.hp.com,*,6,80,*,*,forward
472,*,*,*,*,*,17,67,*,*,forward
473,*,*,*,xmpp009.hpeprint.com,*,6,443,*,*,forward
474,*,*,*,xmpp009.hpeprint.com,*,6,5223,*,*,forward
475,*,*,*,*,*,6,*,80,*,forward
476,*,*,*,chat.hpeprint.com,*,6,443,*,*,forward
477,*,*,*,chat.hpeprint.com,*,6,80,*,*,forward
478,*,*,*,xmpp009.hpeprint.com,*,6,5222,*,*,forward
479,*,*,*,*,*,58,*,*,*,forward
480,*,*,*,*,*,44,*,*,*,forward
481,*,*,*,*,*,17,*,5353,*,forward
482,*,*,*,*,*,17,*,547,*,forward
483,*,*,*,*,*,0,*,*,*,forward
484,*,*,*,*,*,58,*,*,*,forward
485,*,*,*,*,*,17,*,53,*,forward
486,*,*,*,*,*,0,*,*,*,forward
487,*,*,*,*,*,17,5353,*,*,forward
488,*,*,*,*,*,17,*,5355,*,forward
489,*,*,*,*,*,58,*,*,*,forward
490,*,*,*,*,*,17,547,*,*,forward
491,*,*,*,*,*,17,53,*,*,forward
492,*,*,0x0006,*,*,*,*,*,*,forward
493,*,*,0x888e,*,*,*,*,*,*,forward
494,*,*,*,*,*,17,*,67,*,forward
495,*,*,*,*,www.ecdinterface.philips.com,6,*,80,*,forward
496,*,*,*,*,224.0.0.22/32,2,*,*,*,forward
497,*,*,*,*,www2.meethue.com,6,*,443,*,forward
498,*,*,*,*,239.255.255.250/32,17,*,1900,*,forward
499,*,ff:ff:ff:ff:ff:ff,0x0800,*,255.255.255.255/32,17,*,67,*,forward
500,*,*,*,*,time2.google.com,17,*,123,*,forward
501,*,*,*,*,dcp.cpp.philips.com,6,*,80,*,forward
502,*,*,*,*,time4.google.com,17,*,123,*,forward
503,*,*,*,*,224.0.0.251/32,17,*,5353,*,forward
504,*,*,*,*,time.meethue.com,6,*,443,*,forward
505,*,*,*,*,diagnostics.meethue.com,6,*,80,*,forward
506,*,*,*,*,*,17,*,53,*,forward
507,*,*,*,*,ws.meethue.com,6,*,443,*,forward
508,*,*,*,*,time3.google.com,17,*,123,*,forward
509,*,*,*,*,fds.cpp.philips.com,6,*,80,*,forward
510,*,*,*,*,time1.google.com,17,*,123,*,forward
511,*,*,*,*,bridge.meethue.com,6,*,80,*,forward
512,*,*,*,*,*,6,80,*,*,forward
513,*,*,*,*,*,17,53,*,*,forward
514,*,*,*,time4.google.com,*,17,123,*,*,forward
515,*,*,*,ws.meethue.com,*,6,443,*,*,forward
516,*,*,*,time2.google.com,*,17,123,*,*,forward
517,*,*,*,diagnostics.meethue.com,*,6,80,*,*,forward
518,*,*,*,dcp.cpp.philips.com,*,6,80,*,*,forward
519,*,*,*,www.ecdinterface.philips.com,*,6,80,*,*,forward
520,*,*,*,bridge.meethue.com,*,6,80,*,*,forward
521,*,*,*,www2.meethue.com,*,6,443,*,*,forward
522,*,*,*,time1.google.com,*,17,123,*,*,forward
523,*,*,*,time3.google.com,*,17,123,*,*,forward
524,*,*,*,time.meethue.com,*,6,443,*,*,forward
525,*,*,*,fds.cpp.philips.com,*,6,80,*,*,forward
526,*,*,*,*,*,17,67,*,*,forward
527,*,*,*,*,*,6,*,80,*,forward
528,*,*,*,*,*,0,*,*,*,forward
529,*,*,*,*,*,58,*,*,*,forward
530,*,*,*,*,*,17,*,5353,*,forward
531,*,*,*,*,*,58,*,*,*,forward
532,*,*,*,*,*,17,*,67,*,forward
533,*,*,*,*,224.0.0.251/32,2,*,*,*,forward
534,*,ff:ff:ff:ff:ff:ff,0x0800,*,255.255.255.255/32,17,*,67,*,forward
535,*,*,*,*,224.0.0.251/32,17,*,5353,*,forward
536,*,*,*,*,*,17,*,53,*,forward
537,*,*,*,*,mqtt.evrythng.com,6,*,443,*,forward
538,*,*,*,*,time.evrythng.com,6,*,80,*,forward
539,*,*,*,time.evrythng.com,*,6,80,*,*,forward
540,*,*,*,*,*,17,53,*,*,forward
541,*,*,*,*,*,17,67,*,*,forward
542,*,*,*,mqtt.evrythng.com,*,6,443,*,*,forward
543,*,*,*,*,*,0,*,*,*,forward
544,*,*,*,*,*,17,*,5353,*,forward
545,*,*,*,*,*,58,*,*,*,forward
546,*,*,*,*,*,58,*,*,*,forward
547,*,*,0x888e,*,*,*,*,*,*,forward
548,*,*,0x0006,*,*,*,*,*,*,forward
549,*,*,*,*,pool.ntp.org,17,*,123,*,forward
550,*,ff:ff:ff:ff:ff:ff,0x0800,*,*,17,*,56700,*,forward
551,*,*,*,*,*,17,*,67,*,forward
552,*,*,*,*,*,17,*,53,*,forward
553,*,*,*,*,*,17,56700,*,*,forward
554,*,ff:ff:ff:ff:ff:ff,0x0800,*,255.255.255.255/32,17,*,67,*,forward
555,*,*,*,*,v2.broker.lifx.co,6,*,56700,*,forward
556,*,*,*,*,8.8.8.8/32,17,*,53,*,forward
557,*,*,*,v2.broker.lifx.co,*,6,56700,*,*,forward
558,*,*,*,*,*,17,53,*,*,forward
559,*,*,*,*,*,17,67,*,*,forward
560,*,*,*,8.8.8.8/32,*,17,53,*,*,forward
561,*,*,*,*,*,17,*,56700,*,forward
562,*,*,*,pool.ntp.org,*,17,123,*,*,forward
563,*,*,*,*,*,58,*,*,*,forward
564,*,*,*,*,*,58,*,*,*,forward
565,*,*,0x888e,*,*,*,*,*,*,forward
566,*,*,0x0006,*,*,*,*,*,*,forward
567,*,*,*,*,czfe22.front01.iad01.production.nest.com,6,*,11095,*,forward
568,*,*,*,*,czfe89.front01.iad01.production.nest.com,6,*,11095,*,forward
569,*,ff:ff:ff:ff:ff:ff,0x0800,*,255.255.255.255/32,17,*,67,*,forward
570,*,*,*,*,czfe14.front01.iad01.production.nest.com,6,*,11095,*,forward
571,*,*,*,*,czfe100.front01.iad01.production.nest.com,6,*,11095,*,forward
572,*,*,*,*,czfe32.front01.iad01.production.nest.com,6,*,11095,*,forward
573,*,*,*,*,czfe04.front01.iad01.production.nest.com,6,*,11095,*,forward
574,*,*,*,*,czfe41.front01.iad01.production.nest.com,6,*,11095,*,forward
575,*,*,*,*,frontdoor.nest.com,6,*,11095,*,forward
576,*,*,*,*,czfe50.front01.iad01.production.nest.com,6,*,11095,*,forward
577,*,*,*,*,czfe03.front01.iad01.production.nest.com,6,*,11095,*,forward
578,*,*,*,*,*,17,*,53,*,forward
579,*,*,*,*,czfe11.front01.iad01.production.nest.com,6,*,11095,*,forward
580,*,*,*,*,czfe21.front01.iad01.production.nest.com,6,*,11095,*,forward
581,*,*,*,*,czfe30.front01.iad01.production.nest.com,6,*,11095,*,forward
582,*,*,*,*,czfe79.front01.iad01.production.nest.com,6,*,11095,*,forward
583,*,*,*,*,czfe17.front01.iad01.production.nest.com,6,*,11095,*,forward
584,*,*,*,*,czfe16.front01.iad01.production.nest.com,6,*,11095,*,forward
585,*,*,*,*,czfe53.front01.iad01.production.nest.com,6,*,11095,*,forward
586,*,*,*,*,czfe109.front01.iad01.production.nest.com,6,*,11095,*,forward
587,*,*,*,*,czfe71.front01.iad01.production.nest.com,6,*,11095,*,forward
588,*,*,*,*,czfe84.front01.iad01.production.nest.com,6,*,11095,*,forward
589,*,*,*,*,czfe108.front01.iad01.production.nest.com,6,*,11095,*,forward
590,*,*,*,*,czfe49.front01.iad01.production.nest.com,6,*,11095,*,forward
591,*,*,*,*,czfe66.front01.iad01.production.nest.com,6,*,11095,*,forward
592,*,*,*,*,czfe67.front01.iad01.production.nest.com,6,*,11095,*,forward
593,*,*,*,*,czfe48.front01.iad01.production.nest.com,6,*,11095,*,forward
594,*,*,*,*,czfe70.front01.iad01.production.nest.com,6,*,11095,*,forward
595,*,*,*,*,czfe33.front01.iad01.production.nest.com,6,*,11095,*,forward
596,*,*,*,*,weave-logsink.nest.com,6,*,11095,*,forward
597,*,*,*,*,czfe91.front01.iad01.production.nest.com,6,*,11095,*,forward
598,*,*,*,*,czfe116.front01.iad01.production.nest.com,6,*,11095,*,forward
599,*,*,*,*,czfe56.front01.iad01.production.nest.com,6,*,11095,*,forward
600,*,*,*,*,czfe113.front01.iad01.production.nest.com,6,*,11095,*,forward
601,*,*,*,*,czfe105.front01.iad01.production.nest.com,6,*,11095,*,forward
602,*,*,*,*,czfe104.front01.iad01.production.nest.com,6,*,11095,*,forward
603,*,*,*,*,czfe36.front01.iad01.production.nest.com,6,*,11095,*,forward
604,*,*,*,*,czfe73.front01.iad01.production.nest.com,6,*,11095,*,forward
605,*,*,*,*,czfe119.front01.iad01.production.nest.com,6,*,11095,*,forward
606,*,ff:ff:ff:ff:ff:ff,0x0800,*,*,17,*,67,*,forward
607,*,*,*,*,czfe95.front01.iad01.production.nest.com,6,*,11095,*,forward
608,*,*,*,*,czfe60.front01.iad01.production.nest.com,6,*,11095,*,forward
609,*,*,*,*,czfe43.front01.iad01.production.nest.com,6,*,11095,*,forward
610,*,*,*,*,czfe118.front01.iad01.production.nest.com,6,*,11095,*,forward
611,*,*,*,*,czfe93.front01.iad01.production.nest.com,6,*,11095,*,forward
612,*,*,*,*,czfe06.front01.iad01.production.nest.com,6,*,11095,*,forward
613,*,*,*,*,czfe117.front01.iad01.production.nest.com,6,*,11095,*,forward
614,*,*,*,*,czfe58.front01.iad01.production.nest.com,6,*,11095,*,forward
615,*,*,*,*,czfe42.front01.iad01.production.nest.com,6,*,11095,*,forward
616,*,*,*,*,czfe94.front01.iad01.production.nest.com,6,*,11095,*,forward
617,*,*,*,czfe91.front01.iad01.production.nest.com,*,6,11095,*,*,forward
618,*,*,*,weave-logsink.nest.com,*,6,11095,*,*,forward
619,*,*,*,czfe22.front01.iad01.production.nest.com,*,6,11095,*,*,forward
620,*,*,*,czfe32.front01.iad01.production.nest.com,*,6,11095,*,*,forward
621,*,*,*,czfe14.front01.iad01.production.nest.com,*,6,11095,*,*,forward
622,*,*,*,czfe113.front01.iad01.production.nest.com,*,6,11095,*,*,forward
623,*,*,*,*,*,17,67,*,*,forward
624,*,*,*,czfe36.front01.iad01.production.nest.com,*,6,11095,*,*,forward
625,*,*,*,czfe04.front01.iad01.production.nest.com,*,6,11095,*,*,forward
626,*,*,*,czfe108.front01.iad01.production.nest.com,*,6,11095,*,*,forward
627,*,*,*,czfe42.front01.iad01.production.nest.com,*,6,11095,*,*,forward
628,*,*,*,czfe58.front01.iad01.production.nest.com,*,6,11095,*,*,forward
629,*,*,*,czfe41.front01.iad01.production.nest.com,*,6,11095,*,*,forward
630,*,*,*,czfe79.front01.iad01.production.nest.com,*,6,11095,*,*,forward
631,*,*,*,*,*,17,53,*,*,forward
632,*,*,*,czfe16.front01.iad01.production.nest.com,*,6,11095,*,*,forward
633,*,*,*,czfe117.front01.iad01.production.nest.com,*,6,11095,*,*,forward
634,*,*,*,czfe94.front01.iad01.production.nest.com,*,6,11095,*,*,forward
635,*,*,*,czfe30.front01.iad01.production.nest.com,*,6,11095,*,*,forward
636,*,*,*,czfe49.front01.iad01.production.nest.com,*,6,11095,*,*,forward
637,*,*,*,czfe50.front01.iad01.production.nest.com,*,6,11095,*,*,forward
638,*,*,*,czfe66.front01.iad01.production.nest.com,*,6,11095,*,*,forward
639,*,*,*,czfe60.front01.iad01.production.nest.com,*,6,11095,*,*,forward
640,*,*,*,czfe33.front01.iad01.production.nest.com,*,6,11095,*,*,forward
641,*,*,*,czfe03.front01.iad01.production.nest.com,*,6,11095,*,*,forward
642,*,*,*,czfe104.front01.iad01.production.nest.com,*,6,11095,*,*,forward
643,*,*,*,czfe70.front01.iad01.production.nest.com,*,6,11095,*,*,forward
644,*,*,*,czfe11.front01.iad01.production.nest.com,*,6,11095,*,*,forward
645,*,*,*,czfe53.front01.iad01.production.nest.com,*,6,11095,*,*,forward
646,*,*,*,czfe109.front01.iad01.production.nest.com,*,6,11095,*,*,forward
647,*,*,*,czfe43.front01.iad01.production.nest.com,*,6,11095,*,*,forward
648,*,*,*,czfe21.front01.iad01.production.nest.com,*,6,11095,*,*,forward
649,*,*,*,czfe95.front01.iad01.production.nest.com,*,6,11095,*,*,forward
650,*,*,*,czfe119.front01.iad01.production.nest.com,*,6,11095,*,*,forward
651,*,*,*,frontdoor.nest.com,*,6,11095,*,*,forward
652,*,*,*,czfe73.front01.iad01.production.nest.com,*,6,11095,*,*,forward
653,*,*,*,czfe118.front01.iad01.production.nest.com,*,6,11095,*,*,forward
654,*,*,*,czfe84.front01.iad01.production.nest.com,*,6,11095,*,*,forward
655,*,*,*,czfe48.front01.iad01.production.nest.com,*,6,11095,*,*,forward
656,*,*,*,czfe89.front01.iad01.production.nest.com,*,6,11095,*,*,forward
657,*,*,*,czfe06.front01.iad01.production.nest.com,*,6,11095,*,*,forward
658,*,*,*,czfe17.front01.iad01.production.nest.com,*,6,11095,*,*,forward
659,*,*,*,czfe67.front01.iad01.production.nest.com,*,6,11095,*,*,forward
660,*,*,*,czfe71.front01.iad01.production.nest.com,*,6,11095,*,*,forward
661,*,*,*,czfe56.front01.iad01.production.nest.com,*,6,11095,*,*,forward
662,*,*,*,czfe105.front01.iad01.production.nest.com,*,6,11095,*,*,forward
663,*,*,*,czfe116.front01.iad01.production.nest.com,*,6,11095,*,*,forward
664,*,*,*,czfe93.front01.iad01.production.nest.com,*,6,11095,*,*,forward
665,*,*,*,czfe100.front01.iad01.production.nest.com,*,6,11095,*,*,forward
666,*,*,*,*,*,58,*,*,*,forward
667,*,*,*,*,*,58,*,*,*,forward
668,*,*,*,*,*,0,*,*,*,forward
669,*,*,0x0006,*,*,*,*,*,*,forward
670,*,*,0x888e,*,*,*,*,*,*,forward
671,*,*,*,*,2.android.pool.ntp.org,17,*,123,*,forward
672,*,ff:ff:ff:ff:ff:ff,0x0800,*,255.255.255.255/32,17,*,67,*,forward
673,*,*,*,*,v7.netatmo.net,1,*,*,*,forward
674,*,*,*,*,v4.netatmo.net,17,*,4500,*,forward
675,*,*,*,*,v2.netatmo.net,17,*,500,*,forward
676,*,*,*,*,vpn.netatmo.net,17,*,500,*,forward
677,*,*,*,*,*,17,*,53,*,forward
678,*,*,*,*,v9.netatmo.net,1,*,*,*,forward
679,*,*,*,*,v3.netatmo.net,1,*,*,*,forward
680,*,*,*,*,v4.netatmo.net,1,*,*,*,forward
681,*,*,*,*,v8.netatmo.net,1,*,*,*,forward
682,*,*,*,*,*,17,*,67,*,forward
683,*,*,*,*,v2.netatmo.net,17,*,4500,*,forward
684,*,*,*,*,vpn.netatmo.net,1,*,*,*,forward
685,*,*,*,*,v2.netatmo.net,1,*,*,*,forward
686,*,*,*,*,clients3.google.com,6,*,80,*,forward
687,*,*,*,*,v5.netatmo.net,1,*,*,*,forward
688,*,*,*,*,apicom.netatmo.net,6,*,443,*,forward
689,*,*,*,*,3.android.pool.ntp.org,17,*,123,*,forward
690,*,*,*,*,v4.netatmo.net,17,*,500,*,forward
691,*,*,*,*,vpn.netatmo.net,17,*,4500,*,forward
692,*,*,*,*,*,6,80,*,*,forward
693,*,*,*,vpn.netatmo.net,*,17,4500,*,*,forward
694,*,*,*,*,*,17,53,*,*,forward
695,*,*,*,v3.netatmo.net,*,1,*,*,*,forward
696,*,*,*,2.android.pool.ntp.org,*,17,123,*,*,forward
697,*,*,*,v8.netatmo.net,*,1,*,*,*,forward
698,*,*,*,v4.netatmo.net,*,1,*,*,*,forward
699,*,*,*,clients3.google.com,*,6,80,*,*,forward
700,*,*,*,apicom.netatmo.net,*,6,443,*,*,forward
701,*,*,*,v2.netatmo.net,*,17,500,*,*,forward
702,*,*,*,v4.netatmo.net,*,17,500,*,*,forward
703,*,*,*,vpn.netatmo.net,*,17,500,*,*,forward
704,*,*,*,vpn.netatmo.net,*,1,*,*,*,forward
705,*,*,*,3.android.pool.ntp.org,*,17,123,*,*,forward
706,*,*,*,v2.netatmo.net,*,1,*,*,*,forward
707,*,*,*,*,*,17,67,*,*,forward
708,*,*,*,v7.netatmo.net,*,1,*,*,*,forward
709,*,*,*,v2.netatmo.net,*,17,4500,*,*,forward
710,*,*,*,v9.netatmo.net,*,1,*,*,*,forward
711,*,*,*,*,*,6,*,80,*,forward
712,*,*,*,v5.netatmo.net,*,1,*,*,*,forward
713,*,*,*,v4.netatmo.net,*,17,4500,*,*,forward
714,*,*,*,*,*,58,*,*,*,forward
715,*,*,*,*,*,58,*,*,*,forward
716,*,*,*,*,*,0,*,*,*,forward
717,*,*,0x0006,*,*,*,*,*,*,forward
718,*,*,0x888e,*,*,*,*,*,*,forward
719,*,*,*,*,*,17,*,67,*,forward
720,*,*,*,*,*,17,*,53,*,forward
721,*,ff:ff:ff:ff:ff:ff,0x0800,*,255.255.255.255/32,17,*,67,*,forward
722,*,*,*,*,netcom.netatmo.net,6,*,25050,*,forward
723,*,*,*,*,*,17,53,*,*,forward
724,*,*,*,netcom.netatmo.net,*,6,25050,*,*,forward
725,*,*,*,*,*,17,67,*,*,forward
726,*,*,0x888e,*,*,*,*,*,*,forward
727,*,*,0x0006,*,*,*,*,*,*,forward
728,*,*,*,*,*,17,*,67,*,forward
729,*,ff:ff:ff:ff:ff:ff,0x0800,*,255.255.255.255/32,17,*,67,*,forward
730,*,*,*,*,127.0.0.1/32,17,*,137,*,forward
731,*,*,*,*,iptime.pix-star.com,6,*,80,*,forward
732,*,*,*,*,api.pix-star.com,6,*,443,*,forward
733,*,ff:ff:ff:ff:ff:ff,0x0800,*,*,17,*,137,*,forward
734,*,ff:ff:ff:ff:ff:ff,0x0800,*,*,17,*,138,*,forward
735,*,*,*,*,*,17,*,53,*,forward
736,*,*,*,iptime.pix-star.com,*,6,80,*,*,forward
737,*,*,*,*,*,17,53,*,*,forward
738,*,*,*,*,*,17,67,*,*,forward
739,*,*,*,api.pix-star.com,*,6,443,*,*,forward
740,*,*,*,*,*,0,*,*,*,forward
741,*,*,*,*,*,58,*,*,*,forward
742,*,*,*,*,*,58,*,*,*,forward
743,*,*,0x888e,*,*,*,*,*,*,forward
744,*,*,0x0006,*,*,*,*,*,*,forward
745,*,*,*,*,*,17,*,67,*,forward
746,*,*,*,*,*,17,*,53,*,forward
747,*,ff:ff:ff:ff:ff:ff,0x0800,*,255.255.255.255/32,17,*,67,*,forward
748,*,*,*,*,wu.ring.com,6,*,443,*,forward
749,*,*,*,*,fw.ring.com,6,*,80,*,forward
750,*,*,*,*,rss-dpd-service.ring.com,6,*,9998,*,forward
751,*,*,*,*,2.pool.ntp.org,17,*,123,*,forward
752,*,*,*,*,8.8.8.8/32,17,*,53,*,forward
753,*,*,*,fw.ring.com,*,6,80,*,*,forward
754,*,*,*,*,*,17,53,*,*,forward
755,*,*,*,2.pool.ntp.org,*,17,123,*,*,forward
756,*,*,*,wu.ring.com,*,6,443,*,*,forward
757,*,*,*,*,*,17,67,*,*,forward
758,*,*,*,8.8.8.8/32,*,17,53,*,*,forward
759,*,*,*,rss-dpd-service.ring.com,*,6,9998,*,*,forward
760,*,*,0x888e,*,*,*,*,*,*,forward
761,*,*,0x0006,*,*,*,*,*,*,forward
762,*,*,*,*,europe.pool.ntp.org,17,*,123,*,forward
763,*,*,*,*,224.0.0.251/32,2,*,*,*,forward
764,*,*,*,*,*,6,*,*,*,forward
765,*,*,*,*,224.0.0.22/32,2,*,*,*,forward
766,*,*,*,*,239.255.255.250/32,17,*,1900,*,forward
767,*,ff:ff:ff:ff:ff:ff,0x0800,*,255.255.255.255/32,17,*,67,*,forward
768,*,*,*,*,*,17,*,*,*,forward
769,*,*,*,*,pool.ntp.org,17,*,123,*,forward
770,*,*,*,*,*,6,*,*,*,forward
771,*,*,*,*,239.255.255.250/32,2,*,*,*,forward
772,*,*,*,*,*,17,*,53,*,forward
773,*,*,*,*,*,6,49152,*,*,forward
774,*,*,*,*,*,17,*,*,*,forward
775,*,*,*,*,xmpp.samsungsmartcam.com,6,*,5222,*,forward
776,*,*,*,*,*,17,*,67,*,forward
777,*,*,*,*,asia.pool.ntp.org,17,*,123,*,forward
778,*,*,*,*,media.samsungsmartcam.com,6,*,443,*,forward
779,*,*,*,*,224.0.0.2/32,2,*,*,*,forward
780,*,*,*,*,*,6,80,*,*,forward
781,*,*,*,*,*,17,53,*,*,forward
782,*,*,*,*,*,6,*,*,*,forward
783,*,*,*,europe.pool.ntp.org,*,17,123,*,*,forward
784,*,*,*,*,*,6,*,*,*,forward
785,*,*,*,asia.pool.ntp.org,*,17,123,*,*,forward
786,*,*,*,media.samsungsmartcam.com,*,6,443,*,*,forward
787,*,*,*,*,*,17,*,*,*,forward
788,*,*,*,*,*,17,67,*,*,forward
789,*,*,*,*,*,17,*,*,*,forward
790,*,*,*,*,*,6,*,49152,*,forward
791,*,*,*,*,*,6,*,80,*,forward
792,*,*,*,xmpp.samsungsmartcam.com,*,6,5222,*,*,forward
793,*,*,*,pool.ntp.org,*,17,123,*,*,forward
794,*,*,*,*,*,58,*,*,*,forward
795,*,*,*,*,*,17,*,1900,*,forward
796,*,*,*,*,*,17,*,5353,*,forward
797,*,*,*,*,*,58,*,*,*,forward
798,*,*,*,*,*,0,*,*,*,forward
799,*,*,0x0006,*,*,*,*,*,*,forward
800,*,*,0x888e,*,*,*,*,*,*,forward
801,*,*,*,*,pool.ntp.org,17,*,123,*,forward
802,*,*,*,*,*,17,*,53,*,forward
803,*,*,*,*,dc-na02-useast1.connect.smartthings.com,6,*,443,*,forward
804,*,ff:ff:ff:ff:ff:ff,0x0800,*,255.255.255.255/32,17,*,67,*,forward
805,*,*,*,*,239.255.255.250/32,17,*,1900,*,forward
806,*,*,*,*,DC.connect.smartthings.com,6,*,443,*,forward
807,*,*,*,*,*,17,*,39402,*,forward
808,*,*,*,*,*,17,*,39401,*,forward
809,*,*,*,*,*,17,53,*,*,forward
810,*,*,*,DC.connect.smartthings.com,*,6,443,*,*,forward
811,*,*,*,*,*,17,67,*,*,forward
812,*,*,*,dc-na02-useast1.connect.smartthings.com,*,6,443,*,*,forward
813,*,*,*,*,*,17,*,39400,*,forward
814,*,*,*,pool.ntp.org,*,17,123,*,*,forward
815,*,*,*,*,224.0.0.1/32,2,*,*,*,forward
816,*,*,*,*,*,17,*,67,*,forward
817,*,*,*,*,ipc.tplinkcloud.com,6,*,443,*,forward
818,*,*,*,*,0.pool.ntp.org,17,*,123,*,forward
819,*,ff:ff:ff:ff:ff:ff,0x0800,*,255.255.255.255/32,17,*,67,*,forward
820,*,*,*,*,ipc.tplinkcloud.com,6,*,80,*,forward
821,*,*,*,*,ipcserv.tplinkcloud.com,6,*,80,*,forward
822,*,*,*,*,*,17,*,*,*,forward
823,*,*,*,*,devs.tplinkcloud.com,6,*,443,*,forward
824,*,*,*,*,224.0.0.251/32,17,*,5353,*,forward
825,*,*,*,*,sg-stun.tplinkcloud.com,17,*,3478,*,forward
826,*,*,*,*,*,17,1068,*,*,forward
827,*,*,*,*,*,17,*,53,*,forward
828,*,*,*,*,*,6,8080,*,*,forward
829,*,*,*,*,aps1-relay.tplinkcloud.com,6,*,80,*,forward
830,*,*,*,*,224.0.0.2/32,2,*,*,*,forward
831,*,*,*,*,ipcserv.tplinkcloud.com,6,*,443,*,forward
832,*,*,*,*,*,6,80,*,*,forward
833,*,*,*,0.pool.ntp.org,*,17,123,*,*,forward
834,*,*,*,*,*,17,53,*,*,forward
835,*,*,*,ipc.tplinkcloud.com,*,6,80,*,*,forward
836,*,*,*,ipcserv.tplinkcloud.com,*,6,443,*,*,forward
837,*,*,*,ipcserv.tplinkcloud.com,*,6,80,*,*,forward
838,*,*,*,sg-stun.tplinkcloud.com,*,17,3478,*,*,forward
839,*,*,*,devs.tplinkcloud.com,*,6,443,*,*,forward
840,*,*,*,*,*,6,*,8080,*,forward
841,*,*,*,*,*,17,67,*,*,forward
842,*,*,*,aps1-relay.tplinkcloud.com,*,6,80,*,*,forward
843,*,*,*,*,*,17,*,*,*,forward
844,*,*,*,*,*,6,*,80,*,forward
845,*,*,*,ipc.tplinkcloud.com,*,6,443,*,*,forward
846,*,*,0x888e,*,*,*,*,*,*,forward
847,*,*,0x0006,*,*,*,*,*,*,forward
848,*,*,*,*,ru.pool.ntp.org,17,*,123,*,forward
849,*,*,*,*,*,17,*,67,*,forward
850,*,*,*,*,devs.tplinkcloud.com,6,*,50443,*,forward
851,*,*,*,*,de.pool.ntp.org,17,*,123,*,forward
852,*,*,*,*,s1b.time.edu.cn,17,*,123,*,forward
853,*,ff:ff:ff:ff:ff:ff,0x0800,*,255.255.255.255/32,17,*,67,*,forward
854,*,*,*,*,time-b.nist.gov,17,*,123,*,forward
855,*,*,*,*,0.cn.pool.ntp.org,17,*,123,*,forward
856,*,*,*,*,*,17,9999,*,*,forward
857,*,*,*,*,1.asia.pool.ntp.org,17,*,123,*,forward
858,*,*,*,*,ca.pool.ntp.org,17,*,123,*,forward
859,*,*,*,*,*,17,*,53,*,forward
860,*,*,*,*,us.pool.ntp.org,17,*,123,*,forward
861,*,*,*,*,uk.pool.ntp.org,17,*,123,*,forward
862,*,*,*,*,fr.pool.ntp.org,17,*,123,*,forward
863,*,*,*,*,*,6,9999,*,*,forward
864,*,*,*,s1b.time.edu.cn,*,17,123,*,*,forward
865,*,*,*,fr.pool.ntp.org,*,17,123,*,*,forward
866,*,*,*,*,*,17,53,*,*,forward
867,*,*,*,de.pool.ntp.org,*,17,123,*,*,forward
868,*,*,*,us.pool.ntp.org,*,17,123,*,*,forward
869,*,*,*,ca.pool.ntp.org,*,17,123,*,*,forward
870,*,*,*,0.cn.pool.ntp.org,*,17,123,*,*,forward
871,*,*,*,uk.pool.ntp.org,*,17,123,*,*,forward
872,*,*,*,time-b.nist.gov,*,17,123,*,*,forward
873,*,*,*,*,*,6,*,9999,*,forward
874,*,*,*,ru.pool.ntp.org,*,17,123,*,*,forward
875,*,*,*,*,*,17,67,*,*,forward
876,*,*,*,1.asia.pool.ntp.org,*,17,123,*,*,forward
877,*,*,*,devs.tplinkcloud.com,*,6,50443,*,*,forward
878,*,*,0x888e,*,*,*,*,*,*,forward
879,*,*,0x0006,*,*,*,*,*,*,forward
880,*,*,*,*,sip.aws.invoxia.io,17,*,10003,*,forward
881,*,*,*,*,crossbar.invoxia.io,6,*,8090,*,forward
882,*,*,*,*,playerservices.streamtheworld.com,6,*,80,*,forward
883,*,*,*,*,0.invoxia.pool.ntp.org,17,*,123,*,forward
884,*,ff:ff:ff:ff:ff:ff,0x0800,*,255.255.255.255/32,17,*,67,*,forward
885,*,*,*,*,2.invoxia.pool.ntp.org,17,*,123,*,forward
886,*,*,*,*,sip.aws.invoxia.io,17,*,10002,*,forward
887,*,*,*,*,*,17,*,53,*,forward
888,*,*,*,*,18393.live.streamtheworld.com,6,*,80,*,forward
889,*,*,*,*,1129153316.airable.io,6,*,80,*,forward
890,*,*,*,*,whatismyip.akamai.com,6,*,80,*,forward
891,*,*,*,*,*,17,*,67,*,forward
892,*,*,*,*,sip.aws.invoxia.io,6,*,5228,*,forward
893,*,*,*,*,streaming.novaentertainment.com.au,6,*,80,*,forward
894,*,*,*,*,224.0.0.251/32,17,*,5353,*,forward
895,*,*,*,*,ws.invoxia.io,6,*,443,*,forward
896,*,*,*,*,3.invoxia.pool.ntp.org,17,*,123,*,forward
897,*,*,*,*,esdk-ffl.spotify.com,6,*,80,*,forward
898,*,*,*,*,developer.invoxia.com,6,*,80,*,forward
899,*,*,*,*,15373.live.streamtheworld.com,6,*,80,*,forward
900,*,*,*,*,*,17,53,*,*,forward
901,*,*,*,1129153316.airable.io,*,6,80,*,*,forward
902,*,*,*,2.invoxia.pool.ntp.org,*,17,123,*,*,forward
903,*,*,*,streaming.novaentertainment.com.au,*,6,80,*,*,forward
904,*,*,*,playerservices.streamtheworld.com,*,6,80,*,*,forward
905,*,*,*,18393.live.streamtheworld.com,*,6,80,*,*,forward
906,*,*,*,15373.live.streamtheworld.com,*,6,80,*,*,forward
907,*,*,*,sip.aws.invoxia.io,*,6,5228,*,*,forward
908,*,*,*,sip.aws.invoxia.io,*,17,10002,*,*,forward
909,*,*,*,developer.invoxia.com,*,6,80,*,*,forward
910,*,*,*,whatismyip.akamai.com,*,6,80,*,*,forward
911,*,*,*,*,*,17,67,*,*,forward
912,*,*,*,ws.invoxia.io,*,6,443,*,*,forward
913,*,*,*,esdk-ffl.spotify.com,*,6,80,*,*,forward
914,*,*,*,0.invoxia.pool.ntp.org,*,17,123,*,*,forward
915,*,*,*,3.invoxia.pool.ntp.org,*,17,123,*,*,forward
916,*,*,*,crossbar.invoxia.io,*,6,8090,*,*,forward
917,*,*,*,*,*,58,*,*,*,forward
918,*,*,*,*,*,17,*,5353,*,forward
919,*,*,*,*,*,58,*,*,*,forward
920,*,*,*,*,*,0,*,*,*,forward
921,*,*,0x0006,*,*,*,*,*,*,forward
922,*,*,0x888e,*,*,*,*,*,*,forward
923,*,*,*,*,224.0.0.22/32,2,*,*,*,forward
924,*,*,*,*,xbcs.net,6,*,8443,*,forward
925,*,*,*,*,239.255.255.250/32,17,*,1900,*,forward
926,*,ff:ff:ff:ff:ff:ff,0x0800,*,255.255.255.255/32,17,*,67,*,forward
927,*,*,*,*,129.132.2.21/32,17,*,123,*,forward
928,*,*,*,*,*,1,*,*,*,forward
929,*,*,*,*,tunnel.xbcs.net,6,*,3478,*,forward
930,*,*,*,*,devices.xbcs.net,6,*,8899,*,forward
931,*,*,*,*,239.255.255.250/32,2,*,*,*,forward
932,*,*,*,*,*,17,*,53,*,forward
933,*,*,*,*,*,6,49152,*,*,forward
934,*,*,*,*,*,17,*,*,*,forward
935,*,*,*,*,224.0.0.2/32,2,*,*,*,forward
936,*,*,*,*,132.163.4.102/32,17,*,123,*,forward
937,*,*,*,*,*,6,49153,*,*,forward
938,*,*,*,129.132.2.21/32,*,17,123,*,*,forward
939,*,*,*,*,*,1,*,*,*,forward
940,*,*,*,*,*,17,*,*,*,forward
941,*,*,*,*,*,17,53,*,*,forward
942,*,*,*,*,*,6,*,49153,*,forward
943,*,*,*,xbcs.net,*,6,8443,*,*,forward
944,*,*,*,*,*,17,67,*,*,forward
945,*,*,*,devices.xbcs.net,*,6,8899,*,*,forward
946,*,*,*,*,*,6,*,49152,*,forward
947,*,*,*,132.163.4.102/32,*,17,123,*,*,forward
948,*,*,*,tunnel.xbcs.net,*,6,3478,*,*,forward
949,*,*,*,*,*,0,*,*,*,forward
950,*,*,*,*,*,58,*,*,*,forward
951,*,*,*,*,*,58,*,*,*,forward
952,*,*,0x888e,*,*,*,*,*,*,forward
953,*,*,0x0006,*,*,*,*,*,*,forward
954,*,*,*,*,api.xbcs.net,6,*,8443,*,forward
955,*,*,*,*,*,17,*,67,*,forward
956,*,*,*,*,224.0.0.22/32,2,*,*,*,forward
957,*,*,*,*,239.255.255.250/32,17,*,1900,*,forward
958,*,ff:ff:ff:ff:ff:ff,0x0800,*,255.255.255.255/32,17,*,67,*,forward
959,*,*,*,*,*,6,*,3478,*,forward
960,*,*,*,*,208.67.222.222/32,1,*,*,*,forward
961,*,*,*,*,129.132.2.21/32,17,*,123,*,forward
962,*,*,*,*,*,1,*,*,*,forward
963,*,*,*,*,4.2.2.2/32,1,*,*,*,forward
964,*,*,*,*,*,17,*,53,*,forward
965,*,*,*,*,*,6,49154,*,*,forward
966,*,*,*,*,130.149.17.8/32,17,*,123,*,forward
967,*,*,*,*,*,17,*,*,*,forward
968,*,*,*,*,nat.xbcs.net,6,*,3475,*,forward
969,*,*,*,*,8.8.8.8/32,1,*,*,*,forward
970,*,*,*,*,*,6,49153,*,*,forward
971,*,*,*,*,*,1,*,*,*,forward
972,*,*,*,*,*,17,53,*,*,forward
973,*,*,*,*,*,6,*,49153,*,forward
974,*,*,*,130.149.17.8/32,*,17,123,*,*,forward
975,*,*,*,129.132.2.21/32,*,17,123,*,*,forward
976,*,*,*,4.2.2.2/32,*,1,*,*,*,forward
977,*,*,*,*,*,6,*,49154,*,forward
978,*,*,*,*,*,17,*,*,*,forward
979,*,*,*,*,*,17,67,*,*,forward
980,*,*,*,8.8.8.8/32,*,1,*,*,*,forward
981,*,*,*,208.67.222.222/32,*,1,*,*,*,forward
982,*,*,*,*,*,6,3478,*,*,forward
983,*,*,*,nat.xbcs.net,*,6,3475,*,*,forward
984,*,*,*,api.xbcs.net,*,6,8443,*,*,forward
985,*,*,0x888e,*,*,*,*,*,*,forward
986,*,*,0x0006,*,*,*,*,*,*,forward
987,*,*,*,*,fr-eqx-fwd-06.withings.com,6,*,1935,*,forward
988,*,*,*,*,fr-on-fwd-03.withings.net,6,*,1935,*,forward
989,*,*,*,*,*,17,*,53,*,forward
990,*,ff:ff:ff:ff:ff:ff,0x0800,*,255.255.255.255/32,17,*,67,*,forward
991,*,*,*,*,fr-on-vm-02-lxc-03.withings.net,6,*,1935,*,forward
992,*,*,*,*,fr-on-vm-02-lxc-05.withings.net,6,*,1935,*,forward
993,*,*,*,*,us-iweb-fwd-01-lxc-04.withings.net,6,*,1935,*,forward
994,*,*,*,*,224.0.0.251/32,17,*,5353,*,forward
995,*,*,*,*,fr-ovh-fwd-03.withings.net,6,*,1935,*,forward
996,*,*,*,*,babyws.withings.net,6,*,80,*,forward
997,*,*,*,babyws.withings.net,*,6,80,*,*,forward
998,*,*,*,fr-on-vm-02-lxc-03.withings.net,*,6,1935,*,*,forward
999,*,*,*,*,*,17,53,*,*,forward
1000,*,*,*,*,*,17,67,*,*,forward
1001,*,*,*,fr-ovh-fwd-03.withings.net,*,6,1935,*,*,forward
1002,*,*,*,fr-on-fwd-03.withings.net,*,6,1935,*,*,forward
1003,*,*,*,fr-on-vm-02-lxc-05.withings.net,*,6,1935,*,*,forward
1004,*,*,*,fr-eqx-fwd-06.withings.com,*,6,1935,*,*,forward
1005,*,*,*,us-iweb-fwd-01-lxc-04.withings.net,*,6,1935,*,*,forward
1006,*,ff:ff:ff:ff:ff:ff,0x0800,*,*,17,*,67,*,forward
1007,*,*,*,*,wbs04-ws.withings.net,6,*,443,*,forward
1008,*,*,*,*,*,17,*,53,*,forward
1009,*,ff:ff:ff:ff:ff:ff,0x0800,*,255.255.255.255/32,17,*,67,*,forward
1010,*,*,*,wbs04-ws.withings.net,*,6,443,*,*,forward
1011,*,*,*,*,*,17,53,*,*,forward
1012,*,*,*,*,*,17,67,*,*,forward
1013,*,*,0x888e,*,*,*,*,*,*,forward
1014,*,*,0x0006,*,*,*,*,*,*,forward
1015,*,*,*,*,scalews.withings.net,6,*,443,*,forward
1016,*,*,*,*,*,17,*,53,*,forward
1017,*,*,*,*,224.0.0.22/32,2,*,*,*,forward
1018,*,ff:ff:ff:ff:ff:ff,0x0800,*,255.255.255.255/32,17,*,67,*,forward
1019,*,*,*,*,scalews.withings.net,6,*,80,*,forward
1020,*,*,*,*,224.0.0.251/32,17,*,5353,*,forward
1021,*,*,*,*,*,17,53,*,*,forward
1022,*,*,*,scalews.withings.net,*,6,443,*,*,forward
1023,*,*,*,*,*,17,67,*,*,forward
1024,*,*,*,scalews.withings.net,*,6,80,*,*,forward
1025,*,*,0x888e,*,*,*,*,*,*,forward