,sEth,dEth,typEth,Source,Destination,proto,sPort,dPort,priority,action
0,*,*,*,*,dcape-na.amazon.com,6,*,443,*,forward
1,*,*,*,*,softwareupdates.amazon.com,6,*,443,*,forward
2,*,*,*,*,3.north-america.pool.ntp.org,17,*,123,*,forward
3,*,*,*,*,224.0.0.22/32,2,*,*,*,forward
4,*,*,*,*,239.255.255.250/32,17,*,1900,*,forward
5,*,ff:ff:ff:ff:ff:ff,0x0800,*,255.255.255.255/32,17,*,67,*,forward
6,*,*,*,*,ntp-g7g.amazon.com,17,*,123,*,forward
7,*,*,*,*,todo-ta-g7g.amazon.com,6,*,443,*,forward
8,*,*,*,*,*,1,*,*,*,forward
9,*,*,*,*,www.example.org,6,*,80,*,forward
10,*,*,*,*,*,17,*,53,*,forward
11,*,*,*,*,pindorama-us-west-2.amazon.com,6,*,443,*,forward
12,*,*,*,*,tinytts-us-west-2.amazon.com,6,*,443,*,forward
13,*,*,*,*,208.67.220.220/32,17,*,53,*,forward
14,*,*,*,*,device-fingerprintdb-v1.s3.amazonaws.com,6,*,443,*,forward
15,*,*,*,*,api.amazonalexa.com,6,*,443,*,forward
16,*,*,*,*,www.example.com,6,*,80,*,forward
17,*,*,*,*,1.north-america.pool.ntp.org,17,*,123,*,forward
18,*,*,*,*,www.meethue.com,6,*,443,*,forward
19,*,*,*,*,*,17,*,67,*,forward
20,*,*,*,*,2.north-america.pool.ntp.org,17,*,123,*,forward
21,*,*,*,*,kindle-time.amazon.com,6,*,80,*,forward
22,*,*,*,*,device-metrics-us.amazon.com,6,*,443,*,forward
23,*,*,*,*,files.whooshkaa.com,6,*,443,*,forward
24,*,*,*,*,224.0.0.251/32,17,*,5353,*,forward
25,*,*,*,*,pins.amazon.com,17,*,33434,*,forward
26,*,*,*,*,media.whooshkaa.com,6,*,443,*,forward
27,*,*,*,*,0.north-america.pool.ntp.org,17,*,123,*,forward
28,*,*,*,*,www.example.net,6,*,80,*,forward
29,*,*,*,3.north-america.pool.ntp.org,*,17,123,*,*,forward
30,*,*,*,ntp-g7g.amazon.com,*,17,123,*,*,forward
31,*,*,*,api.amazonalexa.com,*,6,443,*,*,forward
32,*,*,*,tinytts-us-west-2.amazon.com,*,6,443,*,*,forward
33,*,*,*,2.north-america.pool.ntp.org,*,17,123,*,*,forward
34,*,*,*,todo-ta-g7g.amazon.com,*,6,443,*,*,forward
35,*,*,*,1.north-america.pool.ntp.org,*,17,123,*,*,forward
36,*,*,*,0.north-america.pool.ntp.org,*,17,123,*,*,forward
37,*,*,*,www.example.com,*,6,80,*,*,forward
38,*,*,*,*,*,17,67,*,*,forward
39,*,*,*,208.67.220.220/32,*,17,53,*,*,forward
40,*,*,*,device-metrics-us.amazon.com,*,6,443,*,*,forward
41,*,*,*,*,*,1,*,*,*,forward
42,*,*,*,device-fingerprintdb-v1.s3.amazonaws.com,*,6,443,*,*,forward
43,*,*,*,*,*,17,53,*,*,forward
44,*,*,*,dcape-na.amazon.com,*,6,443,*,*,forward
45,*,*,*,www.meethue.com,*,6,443,*,*,forward
46,*,*,*,files.whooshkaa.com,*,6,443,*,*,forward
47,*,*,*,pins.amazon.com,*,17,33434,*,*,forward
48,*,*,*,kindle-time.amazon.com,*,6,80,*,*,forward
49,*,*,*,media.whooshkaa.com,*,6,443,*,*,forward
50,*,*,*,softwareupdates.amazon.com,*,6,443,*,*,forward
51,*,*,*,www.example.net,*,6,80,*,*,forward
52,*,*,*,*,*,17,*,50000,*,forward
53,*,*,*,www.example.org,*,6,80,*,*,forward
54,*,*,*,pindorama-us-west-2.amazon.com,*,6,443,*,*,forward
55,*,*,0x0006,*,*,*,*,*,*,forward
56,*,*,0x888e,*,*,*,*,*,*,forward
