,sEth,dEth,typEth,Source,Destination,proto,sPort,dPort,priority,action
0,*,*,*,*,336971aac5bba454b967-3ec27f5c732731b07836c69a45967ad6.ssl.cf1.rackcdn.com,6,*,443,*,forward
1,*,ff:ff:ff:ff:ff:ff,0x0800,*,255.255.255.255/32,17,*,67,*,forward
2,*,*,*,*,rpsv2.video-cloud.net,6,*,443,*,forward
3,*,*,*,*,iconfig.august.com,6,*,443,*,forward
4,*,*,*,*,*,17,*,53,*,forward
5,*,*,*,*,rpsv12.video-cloud.net,6,*,443,*,forward
6,*,*,*,*,vcsv2.video-cloud.net,6,*,443,*,forward
7,*,*,*,*,8.8.4.4/32,1,*,*,*,forward
8,*,*,*,*,rpsv3.video-cloud.net,6,*,443,*,forward
9,*,*,*,*,doorbells.august.com,1,*,*,*,forward
10,*,*,*,*,rpsv7.video-cloud.net,6,*,443,*,forward
11,*,*,*,*,v2servers.video-cloud.net,6,*,443,*,forward
12,*,*,*,*,8.8.8.8/32,17,*,53,*,forward
13,*,*,*,*,*,17,*,67,*,forward
14,*,*,*,*,rpsv11.video-cloud.net,6,*,443,*,forward
15,*,*,*,*,rpsv222.video-cloud.net,6,*,443,*,forward
16,*,*,*,*,august.pubnub.com,6,*,443,*,forward
17,*,*,*,*,logger.august.com,6,*,443,*,forward
18,*,*,*,*,s3-us-west-2.amazonaws.com,6,*,443,*,forward
19,*,*,*,*,rpsv4.video-cloud.net,6,*,443,*,forward
20,*,*,*,*,doorbells.august.com,6,*,443,*,forward
21,*,*,*,*,rbs-sticky.august.com,6,*,443,*,forward
22,*,*,*,*,rpsv1.video-cloud.net,6,*,443,*,forward
23,*,*,*,*,rpsv10.video-cloud.net,6,*,443,*,forward
24,*,*,*,*,rpsv5.video-cloud.net,6,*,443,*,forward
25,*,*,*,*,dmsv2.video-cloud.net,6,*,443,*,forward
26,*,*,*,*,8.8.8.8/32,1,*,*,*,forward
27,*,*,*,rpsv7.video-cloud.net,*,6,443,*,*,forward
28,*,*,*,august.pubnub.com,*,6,443,*,*,forward
29,*,*,*,rpsv2.video-cloud.net,*,6,443,*,*,forward
30,*,*,*,s3-us-west-2.amazonaws.com,*,6,443,*,*,forward
31,*,*,*,logger.august.com,*,6,443,*,*,forward
32,*,*,*,336971aac5bba454b967-3ec27f5c732731b07836c69a45967ad6.ssl.cf1.rackcdn.com,*,6,443,*,*,forward
33,*,*,*,rpsv11.video-cloud.net,*,6,443,*,*,forward
34,*,*,*,dmsv2.video-cloud.net,*,6,443,*,*,forward
35,*,*,*,*,*,17,67,*,*,forward
36,*,*,*,doorbells.august.com,*,1,*,*,*,forward
37,*,*,*,8.8.8.8/32,*,17,53,*,*,forward
38,*,*,*,rpsv1.video-cloud.net,*,6,443,*,*,forward
39,*,*,*,rpsv4.video-cloud.net,*,6,443,*,*,forward
40,*,*,*,rpsv3.video-cloud.net,*,6,443,*,*,forward
41,*,*,*,*,*,17,53,*,*,forward
42,*,*,*,v2servers.video-cloud.net,*,6,443,*,*,forward
43,*,*,*,iconfig.august.com,*,6,443,*,*,forward
44,*,*,*,rpsv222.video-cloud.net,*,6,443,*,*,forward
45,*,*,*,rpsv10.video-cloud.net,*,6,443,*,*,forward
46,*,*,*,doorbells.august.com,*,6,443,*,*,forward
47,*,*,*,vcsv2.video-cloud.net,*,6,443,*,*,forward
48,*,*,*,rpsv5.video-cloud.net,*,6,443,*,*,forward
49,*,*,*,8.8.8.8/32,*,1,*,*,*,forward
50,*,*,*,8.8.4.4/32,*,1,*,*,*,forward
51,*,*,*,rbs-sticky.august.com,*,6,443,*,*,forward
52,*,*,*,rpsv12.video-cloud.net,*,6,443,*,*,forward
53,*,*,*,*,*,17,*,547,*,forward
54,*,*,*,*,*,58,*,*,*,forward
55,*,*,*,*,*,58,*,*,*,forward
56,*,*,*,*,*,17,*,53,*,forward
57,*,*,*,*,*,0,*,*,*,forward
58,*,*,*,*,*,17,*,53,*,forward
59,*,*,*,*,*,58,*,*,*,forward
60,*,*,*,*,*,17,547,*,*,forward
61,*,*,*,*,*,17,53,*,*,forward
62,*,*,*,*,*,17,53,*,*,forward
63,*,*,0x0006,*,*,*,*,*,*,forward
64,*,*,0x888e,*,*,*,*,*,*,forward
