,sEth,dEth,typEth,Source,Destination,proto,sPort,dPort,priority,action
0,*,*,*,*,*,17,*,67,*,forward
1,*,*,*,*,*,17,*,53,*,forward
2,*,*,*,*,ota.awair.is,6,*,443,*,forward
3,*,*,*,*,timeserver.awair.is,6,*,443,*,forward
4,*,ff:ff:ff:ff:ff:ff,0x0800,*,255.255.255.255/32,17,*,67,*,forward
5,*,*,*,*,messaging.awair.is,6,*,8883,*,forward
6,*,*,*,*,8.8.8.8/32,17,*,53,*,forward
7,*,*,*,messaging.awair.is,*,6,8883,*,*,forward
8,*,*,*,*,*,17,53,*,*,forward
9,*,*,*,timeserver.awair.is,*,6,443,*,*,forward
10,*,*,*,*,*,17,67,*,*,forward
11,*,*,*,8.8.8.8/32,*,17,53,*,*,forward
12,*,*,*,ota.awair.is,*,6,443,*,*,forward
13,*,*,0x888e,*,*,*,*,*,*,forward
14,*,*,0x0006,*,*,*,*,*,*,forward
