,sEth,dEth,typEth,Source,Destination,proto,sPort,dPort,priority,action
0,*,*,*,*,origin.belkin-us.tendplatform.com,6,*,443,*,forward
1,*,*,*,*,api.xbcs.net,6,*,8443,*,forward
2,*,*,*,*,*,6,*,5104,*,forward
3,*,*,*,*,*,17,*,67,*,forward
4,*,*,*,*,239.255.255.250/32,17,*,1900,*,forward
5,*,*,*,*,*,6,*,3478,*,forward
6,*,*,*,*,*,1,*,*,*,forward
7,*,*,*,*,ping.seedonk.com,1,*,*,*,forward
8,*,*,*,*,prod1-nat-xbcs-net-1543133972.us-east-1.elb.amazonaws.com,6,*,3475,*,forward
9,*,*,*,*,devices.xbcs.net,6,*,8899,*,forward
10,*,*,*,*,*,6,9207,*,*,forward
11,*,*,*,*,time.windows.com,17,*,123,*,forward
12,*,*,*,*,239.255.255.250/32,2,*,*,*,forward
13,*,*,*,*,*,17,*,53,*,forward
14,*,*,*,*,origin.belkin-us.tendplatform.com,6,*,5104,*,forward
15,*,*,*,*,*,6,49154,*,*,forward
16,*,*,*,*,*,17,*,*,*,forward
17,*,*,*,*,nat.xbcs.net,6,*,3475,*,forward
18,*,*,*,*,224.0.0.2/32,2,*,*,*,forward
19,*,*,*,*,www.google.com,1,*,*,*,forward
20,*,*,*,*,8.8.8.8/32,17,*,53,*,forward
21,*,*,*,*,*,6,49153,*,*,forward
22,*,*,*,ping.seedonk.com,*,1,*,*,*,forward
23,*,*,*,*,*,1,*,*,*,forward
24,*,*,*,origin.belkin-us.tendplatform.com,*,6,443,*,*,forward
25,*,*,*,*,*,17,53,*,*,forward
26,*,*,*,origin.belkin-us.tendplatform.com,*,6,5104,*,*,forward
27,*,*,*,*,*,6,*,49153,*,forward
28,*,*,*,devices.xbcs.net,*,6,8899,*,*,forward
29,*,*,*,*,*,6,*,9207,*,forward
30,*,*,*,time.windows.com,*,17,123,*,*,forward
31,*,*,*,*,*,6,*,49154,*,forward
32,*,*,*,*,*,17,*,*,*,forward
33,*,*,*,www.google.com,*,1,*,*,*,forward
34,*,*,*,*,*,17,67,*,*,forward
35,*,*,*,*,*,6,5104,*,*,forward
36,*,*,*,8.8.8.8/32,*,17,53,*,*,forward
37,*,*,*,prod1-nat-xbcs-net-1543133972.us-east-1.elb.amazonaws.com,*,6,3475,*,*,forward
38,*,*,*,*,*,6,3478,*,*,forward
39,*,*,*,nat.xbcs.net,*,6,3475,*,*,forward
40,*,*,*,api.xbcs.net,*,6,8443,*,*,forward
41,*,*,0x888e,*,*,*,*,*,*,forward
42,*,*,0x0006,*,*,*,*,*,*,forward
