,sEth,dEth,typEth,Source,Destination,proto,sPort,dPort,priority,action
0,*,*,*,*,*,17,*,67,*,forward
1,*,*,*,*,h.canaryis.com,6,*,80,*,forward
2,*,*,*,*,m.canaryis.com,6,*,443,*,forward
3,*,ff:ff:ff:ff:ff:ff,0x0800,*,255.255.255.255/32,17,*,67,*,forward
4,*,*,*,*,ipv4.connman.net,6,*,80,*,forward
5,*,*,*,*,b.canaryis.com,6,*,443,*,forward
6,*,*,*,*,09-wl2-d-prod.canaryis.com,6,*,443,*,forward
7,*,*,*,*,v.canaryis.com,6,*,443,*,forward
8,*,*,*,*,o.canaryis.com,6,*,443,*,forward
9,*,*,*,*,i.canaryis.com,6,*,80,*,forward
10,*,*,*,*,*,17,*,53,*,forward
11,*,*,*,*,i.canaryis.com,6,*,443,*,forward
12,*,*,*,*,h.canaryis.com,6,*,443,*,forward
13,*,*,*,i.canaryis.com,*,6,443,*,*,forward
14,*,*,*,b.canaryis.com,*,6,443,*,*,forward
15,*,*,*,i.canaryis.com,*,6,80,*,*,forward
16,*,*,*,09-wl2-d-prod.canaryis.com,*,6,443,*,*,forward
17,*,*,*,h.canaryis.com,*,6,80,*,*,forward
18,*,*,*,*,*,17,53,*,*,forward
19,*,*,*,o.canaryis.com,*,6,443,*,*,forward
20,*,*,*,h.canaryis.com,*,6,443,*,*,forward
21,*,*,*,ipv4.connman.net,*,6,80,*,*,forward
22,*,*,*,*,*,17,67,*,*,forward
23,*,*,*,v.canaryis.com,*,6,443,*,*,forward
24,*,*,*,m.canaryis.com,*,6,443,*,*,forward
25,*,*,0x888e,*,*,*,*,*,*,forward
26,*,*,0x0006,*,*,*,*,*,*,forward
27,*,*,0x888e,*,*,*,*,*,*,forward
28,*,*,0x0006,*,*,*,*,*,*,forward
