,sEth,dEth,typEth,Source,Destination,proto,sPort,dPort,priority,action
0,*,*,*,*,ad.doubleclick.net,6,*,443,*,forward
1,*,*,*,*,224.0.0.251/32,2,*,*,*,forward
2,*,*,*,*,pagead2.googlesyndication.com,17,*,443,*,forward
3,*,*,*,*,www.googleapis.com,17,*,443,*,forward
4,*,*,*,*,ajax.googleapis.com,6,*,443,*,forward
5,*,*,*,*,*,17,*,53,*,forward
6,*,*,*,*,storage.googleapis.com,6,*,443,*,forward
7,*,*,*,*,googleads.g.doubleclick.net,6,*,443,*,forward
8,*,*,*,*,tools.google.com,17,*,443,*,forward
9,*,*,*,*,*,6,8009,*,*,forward
10,*,*,*,*,r1---sn-55goxu-ntqe.googlevideo.com,17,*,443,*,forward
11,*,*,*,*,8.8.8.8/32,17,*,53,*,forward
12,*,*,*,*,android.clients.google.com,6,*,80,*,forward
13,*,*,*,*,yt3.ggpht.com,6,*,443,*,forward
14,*,*,*,*,www.youtube-nocookie.com,17,*,443,*,forward
15,*,*,*,*,ssl.gstatic.com,6,*,443,*,forward
16,*,*,*,*,google.com,6,*,443,*,forward
17,*,*,*,*,tools.google.com,6,*,443,*,forward
18,*,*,*,*,ad.doubleclick.net,17,*,443,*,forward
19,*,*,*,*,ssl.gstatic.com,6,*,80,*,forward
20,*,*,*,*,time.google.com,17,*,123,*,forward
21,*,*,*,*,8.8.8.8/32,1,*,*,*,forward
22,*,*,*,*,fonts.googleapis.com,6,*,443,*,forward
23,*,*,*,*,clients4.google.com,6,*,80,*,forward
24,*,*,*,*,lh6.googleusercontent.com,17,*,443,*,forward
25,*,*,*,*,www.gstatic.com,6,*,443,*,forward
26,*,*,*,*,lh5.googleusercontent.com,6,*,443,*,forward
27,*,*,*,*,239.255.255.250/32,2,*,*,*,forward
28,*,*,*,*,connectivitycheck.gstatic.com,17,*,443,*,forward
29,*,*,*,*,android.clients.google.com,17,*,443,*,forward
30,*,*,*,*,i.ytimg.com,6,*,443,*,forward
31,*,*,*,*,ade.googlesyndication.com,6,*,443,*,forward
32,*,*,*,*,clients2.google.com,6,*,443,*,forward
33,*,*,*,*,fonts.googleapis.com,17,*,443,*,forward
34,*,*,*,*,clients4.google.com,6,*,443,*,forward
35,*,*,*,*,fonts.gstatic.com,6,*,443,*,forward
36,*,*,*,*,lh3.googleusercontent.com,6,*,443,*,forward
37,*,*,*,*,fonts.gstatic.com,17,*,443,*,forward
38,*,*,*,*,www.youtube.com,6,*,80,*,forward
39,*,*,*,*,clients1.google.com,17,*,443,*,forward
40,*,*,*,*,www.gstatic.com,6,*,80,*,forward
41,*,*,*,*,google.com,6,*,80,*,forward
42,*,*,*,*,r2---sn-ntq7yned.googlevideo.com,17,*,443,*,forward
43,*,*,*,*,clients2.google.com,6,*,80,*,forward
44,*,*,*,*,r4---sn-ntqe6n76.googlevideo.com,17,*,443,*,forward
45,*,*,*,*,clients3.google.com,6,*,443,*,forward
46,*,*,*,*,tools.google.com,6,*,80,*,forward
47,*,*,*,*,224.0.0.22/32,2,*,*,*,forward
48,*,*,*,*,239.255.255.250/32,17,*,1900,*,forward
49,*,ff:ff:ff:ff:ff:ff,0x0800,*,255.255.255.255/32,17,*,67,*,forward
50,*,*,*,*,clients3.google.com,1,*,*,*,forward
51,*,*,*,*,clients3.google.com,17,*,443,*,forward
52,*,*,*,*,mtalk.google.com,6,*,5228,*,forward
53,*,*,*,*,storage.googleapis.com,17,*,443,*,forward
54,*,*,*,*,android.clients.google.com,1,*,*,*,forward
55,*,*,*,*,r3---sn-55goxu-ntqe.googlevideo.com,17,*,443,*,forward
56,*,*,*,*,*,1,*,*,*,forward
57,*,*,*,*,lh4.googleusercontent.com,17,*,443,*,forward
58,*,*,*,*,clients1.google.com,6,*,80,*,forward
59,*,*,*,*,www.googleapis.com,6,*,443,*,forward
60,*,*,*,*,android.clients.google.com,6,*,443,*,forward
61,*,*,*,*,pagead2.googlesyndication.com,6,*,443,*,forward
62,*,*,*,*,google.com,17,*,443,*,forward
63,*,*,*,*,cdn.ravenjs.com,6,*,443,*,forward
64,*,*,*,*,www.gstatic.com,17,*,443,*,forward
65,*,*,*,*,www.youtube.com,17,*,443,*,forward
66,*,*,*,*,yt3.ggpht.com,17,*,443,*,forward
67,*,*,*,*,lh3.googleusercontent.com,17,*,443,*,forward
68,*,*,*,*,googleads.g.doubleclick.net,17,*,443,*,forward
69,*,*,*,*,google.com,1,*,*,*,forward
70,*,*,*,*,lh6.googleusercontent.com,6,*,443,*,forward
71,*,*,*,*,224.0.0.251/32,17,*,5353,*,forward
72,*,*,*,*,fonts.gstatic.com,6,*,80,*,forward
73,*,*,*,*,clients4.google.com,1,*,*,*,forward
74,*,*,*,*,connectivitycheck.gstatic.com,6,*,80,*,forward
75,*,*,*,*,clients2.google.com,17,*,443,*,forward
76,*,*,*,*,224.0.0.2/32,2,*,*,*,forward
77,*,*,*,*,r1---sn-55goxu-ntqe.googlevideo.com,6,*,443,*,forward
78,*,*,*,*,clients1.google.com,6,*,443,*,forward
79,*,*,*,*,ajax.googleapis.com,17,*,443,*,forward
80,*,*,*,*,clients1.google.com,1,*,*,*,forward
81,*,*,*,*,secure.insightexpressai.com,6,*,443,*,forward
82,*,*,*,*,cast.scdn.co,6,*,443,*,forward
83,*,*,*,*,securepubads.g.doubleclick.net,6,*,443,*,forward
84,*,*,*,*,tools.google.com,1,*,*,*,forward
85,*,*,*,*,clients4.google.com,17,*,443,*,forward
86,*,*,*,*,api-partner.spotify.com,6,*,443,*,forward
87,*,*,*,*,www.youtube.com,1,*,*,*,forward
88,*,*,*,*,www.youtube.com,6,*,443,*,forward
89,*,*,*,*,clients2.google.com,1,*,*,*,forward
90,*,*,*,*,ssl.gstatic.com,17,*,443,*,forward
91,*,*,*,*,ade.googlesyndication.com,17,*,443,*,forward
92,*,*,*,*,*,17,*,67,*,forward
93,*,*,*,*,r4---sn-ntqe6n76.googlevideo.com,6,*,443,*,forward
94,*,*,*,*,clients3.google.com,6,*,80,*,forward
95,*,*,*,*,lh5.googleusercontent.com,17,*,443,*,forward
96,*,*,*,*,www.youtube-nocookie.com,6,*,443,*,forward
97,*,*,*,*,connectivitycheck.gstatic.com,6,*,443,*,forward
98,*,*,*,*,lh4.googleusercontent.com,6,*,443,*,forward
99,*,*,*,*,*,6,8008,*,*,forward
100,*,*,*,*,securepubads.g.doubleclick.net,17,*,443,*,forward
101,*,*,*,*,i.ytimg.com,17,*,443,*,forward
102,*,*,*,ssl.gstatic.com,*,6,80,*,*,forward
103,*,*,*,cast.scdn.co,*,6,443,*,*,forward
104,*,*,*,www.youtube.com,*,6,443,*,*,forward
105,*,*,*,lh4.googleusercontent.com,*,6,443,*,*,forward
106,*,*,*,android.clients.google.com,*,17,443,*,*,forward
107,*,*,*,clients2.google.com,*,17,443,*,*,forward
108,*,*,*,www.youtube-nocookie.com,*,17,443,*,*,forward
109,*,*,*,clients3.google.com,*,6,80,*,*,forward
110,*,*,*,clients3.google.com,*,6,443,*,*,forward
111,*,*,*,r2---sn-ntq7yned.googlevideo.com,*,17,443,*,*,forward
112,*,*,*,www.gstatic.com,*,6,443,*,*,forward
113,*,*,*,googleads.g.doubleclick.net,*,6,443,*,*,forward
114,*,*,*,*,*,17,67,*,*,forward
115,*,*,*,clients3.google.com,*,17,443,*,*,forward
116,*,*,*,clients1.google.com,*,6,443,*,*,forward
117,*,*,*,8.8.8.8/32,*,17,53,*,*,forward
118,*,*,*,lh6.googleusercontent.com,*,17,443,*,*,forward
119,*,*,*,clients1.google.com,*,1,*,*,*,forward
120,*,*,*,r4---sn-ntqe6n76.googlevideo.com,*,6,443,*,*,forward
121,*,*,*,tools.google.com,*,6,80,*,*,forward
122,*,*,*,*,*,1,*,*,*,forward
123,*,*,*,r1---sn-55goxu-ntqe.googlevideo.com,*,17,443,*,*,forward
124,*,*,*,r4---sn-ntqe6n76.googlevideo.com,*,17,443,*,*,forward
125,*,*,*,*,*,17,53,*,*,forward
126,*,*,*,tools.google.com,*,1,*,*,*,forward
127,*,*,*,lh4.googleusercontent.com,*,17,443,*,*,forward
128,*,*,*,google.com,*,1,*,*,*,forward
129,*,*,*,clients4.google.com,*,17,443,*,*,forward
130,*,*,*,*,*,6,*,8008,*,forward
131,*,*,*,time.google.com,*,17,123,*,*,forward
132,*,*,*,mtalk.google.com,*,6,5228,*,*,forward
133,*,*,*,www.gstatic.com,*,6,80,*,*,forward
134,*,*,*,www.youtube.com,*,6,80,*,*,forward
135,*,*,*,lh3.googleusercontent.com,*,17,443,*,*,forward
136,*,*,*,fonts.gstatic.com,*,17,443,*,*,forward
137,*,*,*,8.8.8.8/32,*,1,*,*,*,forward
138,*,*,*,android.clients.google.com,*,6,443,*,*,forward
139,*,*,*,yt3.ggpht.com,*,17,443,*,*,forward
140,*,*,*,securepubads.g.doubleclick.net,*,6,443,*,*,forward
141,*,*,*,clients2.google.com,*,6,80,*,*,forward
142,*,*,*,clients4.google.com,*,1,*,*,*,forward
143,*,*,*,ade.googlesyndication.com,*,6,443,*,*,forward
144,*,*,*,fonts.gstatic.com,*,6,443,*,*,forward
145,*,*,*,cdn.ravenjs.com,*,6,443,*,*,forward
146,*,*,*,connectivitycheck.gstatic.com,*,6,80,*,*,forward
147,*,*,*,www.gstatic.com,*,17,443,*,*,forward
148,*,*,*,clients2.google.com,*,1,*,*,*,forward
149,*,*,*,secure.insightexpressai.com,*,6,443,*,*,forward
150,*,*,*,storage.googleapis.com,*,6,443,*,*,forward
151,*,*,*,fonts.googleapis.com,*,6,443,*,*,forward
152,*,*,*,clients4.google.com,*,6,443,*,*,forward
153,*,*,*,ajax.googleapis.com,*,17,443,*,*,forward
154,*,*,*,connectivitycheck.gstatic.com,*,17,443,*,*,forward
155,*,*,*,google.com,*,6,443,*,*,forward
156,*,*,*,www.youtube.com,*,1,*,*,*,forward
157,*,*,*,www.youtube-nocookie.com,*,6,443,*,*,forward
158,*,*,*,r3---sn-55goxu-ntqe.googlevideo.com,*,17,443,*,*,forward
159,*,*,*,api-partner.spotify.com,*,6,443,*,*,forward
160,*,*,*,lh6.googleusercontent.com,*,6,443,*,*,forward
161,*,*,*,clients2.google.com,*,6,443,*,*,forward
162,*,*,*,lh5.googleusercontent.com,*,17,443,*,*,forward
163,*,*,*,ade.googlesyndication.com,*,17,443,*,*,forward
164,*,*,*,android.clients.google.com,*,1,*,*,*,forward
165,*,*,*,storage.googleapis.com,*,17,443,*,*,forward
166,*,*,*,clients4.google.com,*,6,80,*,*,forward
167,*,*,*,pagead2.googlesyndication.com,*,17,443,*,*,forward
168,*,*,*,*,*,6,*,8009,*,forward
169,*,*,*,ad.doubleclick.net,*,6,443,*,*,forward
170,*,*,*,google.com,*,6,80,*,*,forward
171,*,*,*,lh3.googleusercontent.com,*,6,443,*,*,forward
172,*,*,*,google.com,*,17,443,*,*,forward
173,*,*,*,android.clients.google.com,*,6,80,*,*,forward
174,*,*,*,clients3.google.com,*,1,*,*,*,forward
175,*,*,*,ssl.gstatic.com,*,6,443,*,*,forward
176,*,*,*,yt3.ggpht.com,*,6,443,*,*,forward
177,*,*,*,www.youtube.com,*,17,443,*,*,forward
178,*,*,*,googleads.g.doubleclick.net,*,17,443,*,*,forward
179,*,*,*,www.googleapis.com,*,6,443,*,*,forward
180,*,*,*,tools.google.com,*,6,443,*,*,forward
181,*,*,*,i.ytimg.com,*,17,443,*,*,forward
182,*,*,*,fonts.gstatic.com,*,6,80,*,*,forward
183,*,*,*,ad.doubleclick.net,*,17,443,*,*,forward
184,*,*,*,i.ytimg.com,*,6,443,*,*,forward
185,*,*,*,clients1.google.com,*,6,80,*,*,forward
186,*,*,*,ssl.gstatic.com,*,17,443,*,*,forward
187,*,*,*,r1---sn-55goxu-ntqe.googlevideo.com,*,6,443,*,*,forward
188,*,*,*,lh5.googleusercontent.com,*,6,443,*,*,forward
189,*,*,*,www.googleapis.com,*,17,443,*,*,forward
190,*,*,*,ajax.googleapis.com,*,6,443,*,*,forward
191,*,*,*,connectivitycheck.gstatic.com,*,6,443,*,*,forward
192,*,*,*,tools.google.com,*,17,443,*,*,forward
193,*,*,*,pagead2.googlesyndication.com,*,6,443,*,*,forward
194,*,*,*,clients1.google.com,*,17,443,*,*,forward
195,*,*,*,securepubads.g.doubleclick.net,*,17,443,*,*,forward
196,*,*,*,fonts.googleapis.com,*,17,443,*,*,forward
197,*,*,*,*,*,58,*,*,*,forward
198,*,*,*,*,*,0,*,*,*,forward
199,*,*,0x0006,*,*,*,*,*,*,forward
200,*,*,0x888e,*,*,*,*,*,*,forward
