,sEth,dEth,typEth,Source,Destination,proto,sPort,dPort,priority,action
0,*,*,*,*,pool.ntp.org,17,*,123,*,forward
1,*,*,*,*,oculus2275-us1.dropcam.com,6,*,443,*,forward
2,*,*,*,*,*,17,*,67,*,forward
3,*,*,*,*,nexus.dropcam.com,6,*,443,*,forward
4,*,*,*,*,*,17,*,53,*,forward
5,*,ff:ff:ff:ff:ff:ff,0x0800,*,255.255.255.255/32,17,*,67,*,forward
6,*,*,*,*,nexus-us1.dropcam.com,6,*,443,*,forward
7,*,*,*,*,8.8.4.4/32,17,*,53,*,forward
8,*,*,*,*,8.8.8.8/32,17,*,53,*,forward
9,*,*,*,oculus2275-us1.dropcam.com,*,6,443,*,*,forward
10,*,*,*,nexus-us1.dropcam.com,*,6,443,*,*,forward
11,*,*,*,*,*,17,53,*,*,forward
12,*,*,*,nexus.dropcam.com,*,6,443,*,*,forward
13,*,*,*,*,*,17,67,*,*,forward
14,*,*,*,8.8.8.8/32,*,17,53,*,*,forward
15,*,*,*,8.8.4.4/32,*,17,53,*,*,forward
16,*,*,*,pool.ntp.org,*,17,123,*,*,forward
17,*,*,0x888e,*,*,*,*,*,*,forward
18,*,*,0x0006,*,*,*,*,*,*,forward
