,sEth,dEth,typEth,Source,Destination,proto,sPort,dPort,priority,action
0,*,*,*,*,*,17,*,67,*,forward
1,*,*,*,*,*,17,*,53,*,forward
2,*,*,*,*,puppeteer.toytalk.com,6,*,443,*,forward
3,*,ff:ff:ff:ff:ff:ff,0x0800,*,255.255.255.255/32,17,*,67,*,forward
4,*,*,*,*,firmware.toytalk.com,6,*,443,*,forward
5,*,*,*,*,storage.toytalk.com,6,*,443,*,forward
6,*,*,*,*,*,17,53,*,*,forward
7,*,*,*,puppeteer.toytalk.com,*,6,443,*,*,forward
8,*,*,*,firmware.toytalk.com,*,6,443,*,*,forward
9,*,*,*,*,*,17,67,*,*,forward
10,*,*,*,storage.toytalk.com,*,6,443,*,*,forward
11,*,*,0x888e,*,*,*,*,*,*,forward
12,*,*,0x0006,*,*,*,*,*,*,forward
