,sEth,dEth,typEth,Source,Destination,proto,sPort,dPort,priority,action
0,*,*,*,*,xmpp009.hpeprint.com,6,*,5222,*,forward
1,*,*,*,*,224.0.1.60/32,2,*,*,*,forward
2,*,ff:ff:ff:ff:ff:ff,0x0800,*,255.255.255.255/32,17,*,67,*,forward
3,*,*,*,*,xmpp009.hpeprint.com,6,*,443,*,forward
4,*,*,*,*,xmpp009.hpeprint.com,6,*,80,*,forward
5,*,ff:ff:ff:ff:ff:ff,0x0800,*,*,17,*,137,*,forward
6,*,*,*,*,239.255.255.250/32,2,*,*,*,forward
7,*,*,*,*,*,17,*,53,*,forward
8,*,*,*,*,224.0.0.252/32,17,*,5355,*,forward
9,*,*,*,*,*,17,*,67,*,forward
10,*,*,*,*,chat.hpeprint.com,6,*,80,*,forward
11,*,*,*,*,224.0.0.251/32,17,*,5353,*,forward
12,*,*,*,*,xmpp009.hpeprint.com,6,*,5223,*,forward
13,*,*,*,*,chat.hpeprint.com,6,*,443,*,forward
14,*,*,*,*,h10141.www1.hp.com,6,*,80,*,forward
15,*,*,*,*,*,17,5353,*,*,forward
16,*,*,*,*,*,6,80,*,*,forward
17,*,*,*,xmpp009.hpeprint.com,*,6,80,*,*,forward
18,*,*,*,*,*,17,53,*,*,forward
19,*,*,*,h10141.www1.hp.com,*,6,80,*,*,forward
20,*,*,*,*,*,17,67,*,*,forward
21,*,*,*,xmpp009.hpeprint.com,*,6,443,*,*,forward
22,*,*,*,xmpp009.hpeprint.com,*,6,5223,*,*,forward
23,*,*,*,*,*,6,*,80,*,forward
24,*,*,*,chat.hpeprint.com,*,6,443,*,*,forward
25,*,*,*,chat.hpeprint.com,*,6,80,*,*,forward
26,*,*,*,xmpp009.hpeprint.com,*,6,5222,*,*,forward
27,*,*,*,*,*,58,*,*,*,forward
28,*,*,*,*,*,44,*,*,*,forward
29,*,*,*,*,*,17,*,5353,*,forward
30,*,*,*,*,*,17,*,547,*,forward
31,*,*,*,*,*,0,*,*,*,forward
32,*,*,*,*,*,58,*,*,*,forward
33,*,*,*,*,*,17,*,53,*,forward
34,*,*,*,*,*,0,*,*,*,forward
35,*,*,*,*,*,17,5353,*,*,forward
36,*,*,*,*,*,17,*,5355,*,forward
37,*,*,*,*,*,58,*,*,*,forward
38,*,*,*,*,*,17,547,*,*,forward
39,*,*,*,*,*,17,53,*,*,forward
40,*,*,0x0006,*,*,*,*,*,*,forward
41,*,*,0x888e,*,*,*,*,*,*,forward
