,sEth,dEth,typEth,Source,Destination,proto,sPort,dPort,priority,action
0,*,*,*,*,*,17,*,67,*,forward
1,*,*,*,*,www.ecdinterface.philips.com,6,*,80,*,forward
2,*,*,*,*,224.0.0.22/32,2,*,*,*,forward
3,*,*,*,*,www2.meethue.com,6,*,443,*,forward
4,*,*,*,*,239.255.255.250/32,17,*,1900,*,forward
5,*,ff:ff:ff:ff:ff:ff,0x0800,*,255.255.255.255/32,17,*,67,*,forward
6,*,*,*,*,time2.google.com,17,*,123,*,forward
7,*,*,*,*,dcp.cpp.philips.com,6,*,80,*,forward
8,*,*,*,*,time4.google.com,17,*,123,*,forward
9,*,*,*,*,224.0.0.251/32,17,*,5353,*,forward
10,*,*,*,*,time.meethue.com,6,*,443,*,forward
11,*,*,*,*,diagnostics.meethue.com,6,*,80,*,forward
12,*,*,*,*,*,17,*,53,*,forward
13,*,*,*,*,ws.meethue.com,6,*,443,*,forward
14,*,*,*,*,time3.google.com,17,*,123,*,forward
15,*,*,*,*,fds.cpp.philips.com,6,*,80,*,forward
16,*,*,*,*,time1.google.com,17,*,123,*,forward
17,*,*,*,*,bridge.meethue.com,6,*,80,*,forward
18,*,*,*,*,*,6,80,*,*,forward
19,*,*,*,*,*,17,53,*,*,forward
20,*,*,*,time4.google.com,*,17,123,*,*,forward
21,*,*,*,ws.meethue.com,*,6,443,*,*,forward
22,*,*,*,time2.google.com,*,17,123,*,*,forward
23,*,*,*,diagnostics.meethue.com,*,6,80,*,*,forward
24,*,*,*,dcp.cpp.philips.com,*,6,80,*,*,forward
25,*,*,*,www.ecdinterface.philips.com,*,6,80,*,*,forward
26,*,*,*,bridge.meethue.com,*,6,80,*,*,forward
27,*,*,*,www2.meethue.com,*,6,443,*,*,forward
28,*,*,*,time1.google.com,*,17,123,*,*,forward
29,*,*,*,time3.google.com,*,17,123,*,*,forward
30,*,*,*,time.meethue.com,*,6,443,*,*,forward
31,*,*,*,fds.cpp.philips.com,*,6,80,*,*,forward
32,*,*,*,*,*,17,67,*,*,forward
33,*,*,*,*,*,6,*,80,*,forward
34,*,*,*,*,*,0,*,*,*,forward
35,*,*,*,*,*,58,*,*,*,forward
36,*,*,*,*,*,17,*,5353,*,forward
37,*,*,*,*,*,58,*,*,*,forward
