,sEth,dEth,typEth,Source,Destination,proto,sPort,dPort,priority,action
0,*,*,*,*,*,17,*,67,*,forward
1,*,*,*,*,224.0.0.251/32,2,*,*,*,forward
2,*,ff:ff:ff:ff:ff:ff,0x0800,*,255.255.255.255/32,17,*,67,*,forward
3,*,*,*,*,224.0.0.251/32,17,*,5353,*,forward
4,*,*,*,*,*,17,*,53,*,forward
5,*,*,*,*,mqtt.evrythng.com,6,*,443,*,forward
6,*,*,*,*,time.evrythng.com,6,*,80,*,forward
7,*,*,*,time.evrythng.com,*,6,80,*,*,forward
8,*,*,*,*,*,17,53,*,*,forward
9,*,*,*,*,*,17,67,*,*,forward
10,*,*,*,mqtt.evrythng.com,*,6,443,*,*,forward
11,*,*,*,*,*,0,*,*,*,forward
12,*,*,*,*,*,17,*,5353,*,forward
13,*,*,*,*,*,58,*,*,*,forward
14,*,*,*,*,*,58,*,*,*,forward
15,*,*,0x888e,*,*,*,*,*,*,forward
16,*,*,0x0006,*,*,*,*,*,*,forward
