,sEth,dEth,typEth,Source,Destination,proto,sPort,dPort,priority,action
0,*,*,*,*,pool.ntp.org,17,*,123,*,forward
1,*,ff:ff:ff:ff:ff:ff,0x0800,*,*,17,*,56700,*,forward
2,*,*,*,*,*,17,*,67,*,forward
3,*,*,*,*,*,17,*,53,*,forward
4,*,*,*,*,*,17,56700,*,*,forward
5,*,ff:ff:ff:ff:ff:ff,0x0800,*,255.255.255.255/32,17,*,67,*,forward
6,*,*,*,*,v2.broker.lifx.co,6,*,56700,*,forward
7,*,*,*,*,8.8.8.8/32,17,*,53,*,forward
8,*,*,*,v2.broker.lifx.co,*,6,56700,*,*,forward
9,*,*,*,*,*,17,53,*,*,forward
10,*,*,*,*,*,17,67,*,*,forward
11,*,*,*,8.8.8.8/32,*,17,53,*,*,forward
12,*,*,*,*,*,17,*,56700,*,forward
13,*,*,*,pool.ntp.org,*,17,123,*,*,forward
14,*,*,*,*,*,58,*,*,*,forward
15,*,*,*,*,*,58,*,*,*,forward
16,*,*,0x888e,*,*,*,*,*,*,forward
17,*,*,0x0006,*,*,*,*,*,*,forward
