,sEth,dEth,typEth,Source,Destination,proto,sPort,dPort,priority,action
0,*,*,*,*,czfe22.front01.iad01.production.nest.com,6,*,11095,*,forward
1,*,*,*,*,czfe89.front01.iad01.production.nest.com,6,*,11095,*,forward
2,*,ff:ff:ff:ff:ff:ff,0x0800,*,255.255.255.255/32,17,*,67,*,forward
3,*,*,*,*,czfe14.front01.iad01.production.nest.com,6,*,11095,*,forward
4,*,*,*,*,czfe100.front01.iad01.production.nest.com,6,*,11095,*,forward
5,*,*,*,*,czfe32.front01.iad01.production.nest.com,6,*,11095,*,forward
6,*,*,*,*,czfe04.front01.iad01.production.nest.com,6,*,11095,*,forward
7,*,*,*,*,czfe41.front01.iad01.production.nest.com,6,*,11095,*,forward
8,*,*,*,*,frontdoor.nest.com,6,*,11095,*,forward
9,*,*,*,*,czfe50.front01.iad01.production.nest.com,6,*,11095,*,forward
10,*,*,*,*,czfe03.front01.iad01.production.nest.com,6,*,11095,*,forward
11,*,*,*,*,*,17,*,53,*,forward
12,*,*,*,*,czfe11.front01.iad01.production.nest.com,6,*,11095,*,forward
13,*,*,*,*,czfe21.front01.iad01.production.nest.com,6,*,11095,*,forward
14,*,*,*,*,czfe30.front01.iad01.production.nest.com,6,*,11095,*,forward
15,*,*,*,*,czfe79.front01.iad01.production.nest.com,6,*,11095,*,forward
16,*,*,*,*,czfe17.front01.iad01.production.nest.com,6,*,11095,*,forward
17,*,*,*,*,czfe16.front01.iad01.production.nest.com,6,*,11095,*,forward
18,*,*,*,*,czfe53.front01.iad01.production.nest.com,6,*,11095,*,forward
19,*,*,*,*,czfe109.front01.iad01.production.nest.com,6,*,11095,*,forward
20,*,*,*,*,czfe71.front01.iad01.production.nest.com,6,*,11095,*,forward
21,*,*,*,*,czfe84.front01.iad01.production.nest.com,6,*,11095,*,forward
22,*,*,*,*,czfe108.front01.iad01.production.nest.com,6,*,11095,*,forward
23,*,*,*,*,czfe49.front01.iad01.production.nest.com,6,*,11095,*,forward
24,*,*,*,*,czfe66.front01.iad01.production.nest.com,6,*,11095,*,forward
25,*,*,*,*,czfe67.front01.iad01.production.nest.com,6,*,11095,*,forward
26,*,*,*,*,czfe48.front01.iad01.production.nest.com,6,*,11095,*,forward
27,*,*,*,*,czfe70.front01.iad01.production.nest.com,6,*,11095,*,forward
28,*,*,*,*,czfe33.front01.iad01.production.nest.com,6,*,11095,*,forward
29,*,*,*,*,weave-logsink.nest.com,6,*,11095,*,forward
30,*,*,*,*,czfe91.front01.iad01.production.nest.com,6,*,11095,*,forward
31,*,*,*,*,czfe116.front01.iad01.production.nest.com,6,*,11095,*,forward
32,*,*,*,*,czfe56.front01.iad01.production.nest.com,6,*,11095,*,forward
33,*,*,*,*,czfe113.front01.iad01.production.nest.com,6,*,11095,*,forward
34,*,*,*,*,czfe105.front01.iad01.production.nest.com,6,*,11095,*,forward
35,*,*,*,*,czfe104.front01.iad01.production.nest.com,6,*,11095,*,forward
36,*,*,*,*,czfe36.front01.iad01.production.nest.com,6,*,11095,*,forward
37,*,*,*,*,czfe73.front01.iad01.production.nest.com,6,*,11095,*,forward
38,*,*,*,*,czfe119.front01.iad01.production.nest.com,6,*,11095,*,forward
39,*,ff:ff:ff:ff:ff:ff,0x0800,*,*,17,*,67,*,forward
40,*,*,*,*,czfe95.front01.iad01.production.nest.com,6,*,11095,*,forward
41,*,*,*,*,czfe60.front01.iad01.production.nest.com,6,*,11095,*,forward
42,*,*,*,*,czfe43.front01.iad01.production.nest.com,6,*,11095,*,forward
43,*,*,*,*,czfe118.front01.iad01.production.nest.com,6,*,11095,*,forward
44,*,*,*,*,czfe93.front01.iad01.production.nest.com,6,*,11095,*,forward
45,*,*,*,*,czfe06.front01.iad01.production.nest.com,6,*,11095,*,forward
46,*,*,*,*,czfe117.front01.iad01.production.nest.com,6,*,11095,*,forward
47,*,*,*,*,czfe58.front01.iad01.production.nest.com,6,*,11095,*,forward
48,*,*,*,*,czfe42.front01.iad01.production.nest.com,6,*,11095,*,forward
49,*,*,*,*,czfe94.front01.iad01.production.nest.com,6,*,11095,*,forward
50,*,*,*,czfe91.front01.iad01.production.nest.com,*,6,11095,*,*,forward
51,*,*,*,weave-logsink.nest.com,*,6,11095,*,*,forward
52,*,*,*,czfe22.front01.iad01.production.nest.com,*,6,11095,*,*,forward
53,*,*,*,czfe32.front01.iad01.production.nest.com,*,6,11095,*,*,forward
54,*,*,*,czfe14.front01.iad01.production.nest.com,*,6,11095,*,*,forward
55,*,*,*,czfe113.front01.iad01.production.nest.com,*,6,11095,*,*,forward
56,*,*,*,*,*,17,67,*,*,forward
57,*,*,*,czfe36.front01.iad01.production.nest.com,*,6,11095,*,*,forward
58,*,*,*,czfe04.front01.iad01.production.nest.com,*,6,11095,*,*,forward
59,*,*,*,czfe108.front01.iad01.production.nest.com,*,6,11095,*,*,forward
60,*,*,*,czfe42.front01.iad01.production.nest.com,*,6,11095,*,*,forward
61,*,*,*,czfe58.front01.iad01.production.nest.com,*,6,11095,*,*,forward
62,*,*,*,czfe41.front01.iad01.production.nest.com,*,6,11095,*,*,forward
63,*,*,*,czfe79.front01.iad01.production.nest.com,*,6,11095,*,*,forward
64,*,*,*,*,*,17,53,*,*,forward
65,*,*,*,czfe16.front01.iad01.production.nest.com,*,6,11095,*,*,forward
66,*,*,*,czfe117.front01.iad01.production.nest.com,*,6,11095,*,*,forward
67,*,*,*,czfe94.front01.iad01.production.nest.com,*,6,11095,*,*,forward
68,*,*,*,czfe30.front01.iad01.production.nest.com,*,6,11095,*,*,forward
69,*,*,*,czfe49.front01.iad01.production.nest.com,*,6,11095,*,*,forward
70,*,*,*,czfe50.front01.iad01.production.nest.com,*,6,11095,*,*,forward
71,*,*,*,czfe66.front01.iad01.production.nest.com,*,6,11095,*,*,forward
72,*,*,*,czfe60.front01.iad01.production.nest.com,*,6,11095,*,*,forward
73,*,*,*,czfe33.front01.iad01.production.nest.com,*,6,11095,*,*,forward
74,*,*,*,czfe03.front01.iad01.production.nest.com,*,6,11095,*,*,forward
75,*,*,*,czfe104.front01.iad01.production.nest.com,*,6,11095,*,*,forward
76,*,*,*,czfe70.front01.iad01.production.nest.com,*,6,11095,*,*,forward
77,*,*,*,czfe11.front01.iad01.production.nest.com,*,6,11095,*,*,forward
78,*,*,*,czfe53.front01.iad01.production.nest.com,*,6,11095,*,*,forward
79,*,*,*,czfe109.front01.iad01.production.nest.com,*,6,11095,*,*,forward
80,*,*,*,czfe43.front01.iad01.production.nest.com,*,6,11095,*,*,forward
81,*,*,*,czfe21.front01.iad01.production.nest.com,*,6,11095,*,*,forward
82,*,*,*,czfe95.front01.iad01.production.nest.com,*,6,11095,*,*,forward
83,*,*,*,czfe119.front01.iad01.production.nest.com,*,6,11095,*,*,forward
84,*,*,*,frontdoor.nest.com,*,6,11095,*,*,forward
85,*,*,*,czfe73.front01.iad01.production.nest.com,*,6,11095,*,*,forward
86,*,*,*,czfe118.front01.iad01.production.nest.com,*,6,11095,*,*,forward
87,*,*,*,czfe84.front01.iad01.production.nest.com,*,6,11095,*,*,forward
88,*,*,*,czfe48.front01.iad01.production.nest.com,*,6,11095,*,*,forward
89,*,*,*,czfe89.front01.iad01.production.nest.com,*,6,11095,*,*,forward
90,*,*,*,czfe06.front01.iad01.production.nest.com,*,6,11095,*,*,forward
91,*,*,*,czfe17.front01.iad01.production.nest.com,*,6,11095,*,*,forward
92,*,*,*,czfe67.front01.iad01.production.nest.com,*,6,11095,*,*,forward
93,*,*,*,czfe71.front01.iad01.production.nest.com,*,6,11095,*,*,forward
94,*,*,*,czfe56.front01.iad01.production.nest.com,*,6,11095,*,*,forward
95,*,*,*,czfe105.front01.iad01.production.nest.com,*,6,11095,*,*,forward
96,*,*,*,czfe116.front01.iad01.production.nest.com,*,6,11095,*,*,forward
97,*,*,*,czfe93.front01.iad01.production.nest.com,*,6,11095,*,*,forward
98,*,*,*,czfe100.front01.iad01.production.nest.com,*,6,11095,*,*,forward
99,*,*,*,*,*,58,*,*,*,forward
100,*,*,*,*,*,58,*,*,*,forward
101,*,*,*,*,*,0,*,*,*,forward
102,*,*,0x0006,*,*,*,*,*,*,forward
103,*,*,0x888e,*,*,*,*,*,*,forward
