,sEth,dEth,typEth,Source,Destination,proto,sPort,dPort,priority,action
0,*,*,*,*,2.android.pool.ntp.org,17,*,123,*,forward
1,*,ff:ff:ff:ff:ff:ff,0x0800,*,255.255.255.255/32,17,*,67,*,forward
2,*,*,*,*,v7.netatmo.net,1,*,*,*,forward
3,*,*,*,*,v4.netatmo.net,17,*,4500,*,forward
4,*,*,*,*,v2.netatmo.net,17,*,500,*,forward
5,*,*,*,*,vpn.netatmo.net,17,*,500,*,forward
6,*,*,*,*,*,17,*,53,*,forward
7,*,*,*,*,v9.netatmo.net,1,*,*,*,forward
8,*,*,*,*,v3.netatmo.net,1,*,*,*,forward
9,*,*,*,*,v4.netatmo.net,1,*,*,*,forward
10,*,*,*,*,v8.netatmo.net,1,*,*,*,forward
11,*,*,*,*,*,17,*,67,*,forward
12,*,*,*,*,v2.netatmo.net,17,*,4500,*,forward
13,*,*,*,*,vpn.netatmo.net,1,*,*,*,forward
14,*,*,*,*,v2.netatmo.net,1,*,*,*,forward
15,*,*,*,*,clients3.google.com,6,*,80,*,forward
16,*,*,*,*,v5.netatmo.net,1,*,*,*,forward
17,*,*,*,*,apicom.netatmo.net,6,*,443,*,forward
18,*,*,*,*,3.android.pool.ntp.org,17,*,123,*,forward
19,*,*,*,*,v4.netatmo.net,17,*,500,*,forward
20,*,*,*,*,vpn.netatmo.net,17,*,4500,*,forward
21,*,*,*,*,*,6,80,*,*,forward
22,*,*,*,vpn.netatmo.net,*,17,4500,*,*,forward
23,*,*,*,*,*,17,53,*,*,forward
24,*,*,*,v3.netatmo.net,*,1,*,*,*,forward
25,*,*,*,2.android.pool.ntp.org,*,17,123,*,*,forward
26,*,*,*,v8.netatmo.net,*,1,*,*,*,forward
27,*,*,*,v4.netatmo.net,*,1,*,*,*,forward
28,*,*,*,clients3.google.com,*,6,80,*,*,forward
29,*,*,*,apicom.netatmo.net,*,6,443,*,*,forward
30,*,*,*,v2.netatmo.net,*,17,500,*,*,forward
31,*,*,*,v4.netatmo.net,*,17,500,*,*,forward
32,*,*,*,vpn.netatmo.net,*,17,500,*,*,forward
33,*,*,*,vpn.netatmo.net,*,1,*,*,*,forward
34,*,*,*,3.android.pool.ntp.org,*,17,123,*,*,forward
35,*,*,*,v2.netatmo.net,*,1,*,*,*,forward
36,*,*,*,*,*,17,67,*,*,forward
37,*,*,*,v7.netatmo.net,*,1,*,*,*,forward
38,*,*,*,v2.netatmo.net,*,17,4500,*,*,forward
39,*,*,*,v9.netatmo.net,*,1,*,*,*,forward
40,*,*,*,*,*,6,*,80,*,forward
41,*,*,*,v5.netatmo.net,*,1,*,*,*,forward
42,*,*,*,v4.netatmo.net,*,17,4500,*,*,forward
43,*,*,*,*,*,58,*,*,*,forward
44,*,*,*,*,*,58,*,*,*,forward
45,*,*,*,*,*,0,*,*,*,forward
46,*,*,0x0006,*,*,*,*,*,*,forward
47,*,*,0x888e,*,*,*,*,*,*,forward
