,sEth,dEth,typEth,Source,Destination,proto,sPort,dPort,priority,action
0,*,*,*,*,*,17,*,67,*,forward
1,*,ff:ff:ff:ff:ff:ff,0x0800,*,255.255.255.255/32,17,*,67,*,forward
2,*,*,*,*,127.0.0.1/32,17,*,137,*,forward
3,*,*,*,*,iptime.pix-star.com,6,*,80,*,forward
4,*,*,*,*,api.pix-star.com,6,*,443,*,forward
5,*,ff:ff:ff:ff:ff:ff,0x0800,*,*,17,*,137,*,forward
6,*,ff:ff:ff:ff:ff:ff,0x0800,*,*,17,*,138,*,forward
7,*,*,*,*,*,17,*,53,*,forward
8,*,*,*,iptime.pix-star.com,*,6,80,*,*,forward
9,*,*,*,*,*,17,53,*,*,forward
10,*,*,*,*,*,17,67,*,*,forward
11,*,*,*,api.pix-star.com,*,6,443,*,*,forward
12,*,*,*,*,*,0,*,*,*,forward
13,*,*,*,*,*,58,*,*,*,forward
14,*,*,*,*,*,58,*,*,*,forward
15,*,*,0x888e,*,*,*,*,*,*,forward
16,*,*,0x0006,*,*,*,*,*,*,forward
