,sEth,dEth,typEth,Source,Destination,proto,sPort,dPort,priority,action
0,*,*,*,*,*,17,*,67,*,forward
1,*,*,*,*,*,17,*,53,*,forward
2,*,ff:ff:ff:ff:ff:ff,0x0800,*,255.255.255.255/32,17,*,67,*,forward
3,*,*,*,*,wu.ring.com,6,*,443,*,forward
4,*,*,*,*,fw.ring.com,6,*,80,*,forward
5,*,*,*,*,rss-dpd-service.ring.com,6,*,9998,*,forward
6,*,*,*,*,2.pool.ntp.org,17,*,123,*,forward
7,*,*,*,*,8.8.8.8/32,17,*,53,*,forward
8,*,*,*,fw.ring.com,*,6,80,*,*,forward
9,*,*,*,*,*,17,53,*,*,forward
10,*,*,*,2.pool.ntp.org,*,17,123,*,*,forward
11,*,*,*,wu.ring.com,*,6,443,*,*,forward
12,*,*,*,*,*,17,67,*,*,forward
13,*,*,*,8.8.8.8/32,*,17,53,*,*,forward
14,*,*,*,rss-dpd-service.ring.com,*,6,9998,*,*,forward
15,*,*,0x888e,*,*,*,*,*,*,forward
16,*,*,0x0006,*,*,*,*,*,*,forward
