,sEth,dEth,typEth,Source,Destination,proto,sPort,dPort,priority,action
0,*,*,*,*,europe.pool.ntp.org,17,*,123,*,forward
1,*,*,*,*,224.0.0.251/32,2,*,*,*,forward
2,*,*,*,*,*,6,*,*,*,forward
3,*,*,*,*,224.0.0.22/32,2,*,*,*,forward
4,*,*,*,*,239.255.255.250/32,17,*,1900,*,forward
5,*,ff:ff:ff:ff:ff:ff,0x0800,*,255.255.255.255/32,17,*,67,*,forward
6,*,*,*,*,*,17,*,*,*,forward
7,*,*,*,*,pool.ntp.org,17,*,123,*,forward
8,*,*,*,*,*,6,*,*,*,forward
9,*,*,*,*,239.255.255.250/32,2,*,*,*,forward
10,*,*,*,*,*,17,*,53,*,forward
11,*,*,*,*,*,6,49152,*,*,forward
12,*,*,*,*,*,17,*,*,*,forward
13,*,*,*,*,xmpp.samsungsmartcam.com,6,*,5222,*,forward
14,*,*,*,*,*,17,*,67,*,forward
15,*,*,*,*,asia.pool.ntp.org,17,*,123,*,forward
16,*,*,*,*,media.samsungsmartcam.com,6,*,443,*,forward
17,*,*,*,*,224.0.0.2/32,2,*,*,*,forward
18,*,*,*,*,*,6,80,*,*,forward
19,*,*,*,*,*,17,53,*,*,forward
20,*,*,*,*,*,6,*,*,*,forward
21,*,*,*,europe.pool.ntp.org,*,17,123,*,*,forward
22,*,*,*,*,*,6,*,*,*,forward
23,*,*,*,asia.pool.ntp.org,*,17,123,*,*,forward
24,*,*,*,media.samsungsmartcam.com,*,6,443,*,*,forward
25,*,*,*,*,*,17,*,*,*,forward
26,*,*,*,*,*,17,67,*,*,forward
27,*,*,*,*,*,17,*,*,*,forward
28,*,*,*,*,*,6,*,49152,*,forward
29,*,*,*,*,*,6,*,80,*,forward
30,*,*,*,xmpp.samsungsmartcam.com,*,6,5222,*,*,forward
31,*,*,*,pool.ntp.org,*,17,123,*,*,forward
32,*,*,*,*,*,58,*,*,*,forward
33,*,*,*,*,*,17,*,1900,*,forward
34,*,*,*,*,*,17,*,5353,*,forward
35,*,*,*,*,*,58,*,*,*,forward
36,*,*,*,*,*,0,*,*,*,forward
37,*,*,0x0006,*,*,*,*,*,*,forward
38,*,*,0x888e,*,*,*,*,*,*,forward
