,sEth,dEth,typEth,Source,Destination,proto,sPort,dPort,priority,action
0,*,*,*,*,pool.ntp.org,17,*,123,*,forward
1,*,*,*,*,*,17,*,53,*,forward
2,*,*,*,*,dc-na02-useast1.connect.smartthings.com,6,*,443,*,forward
3,*,ff:ff:ff:ff:ff:ff,0x0800,*,255.255.255.255/32,17,*,67,*,forward
4,*,*,*,*,239.255.255.250/32,17,*,1900,*,forward
5,*,*,*,*,DC.connect.smartthings.com,6,*,443,*,forward
6,*,*,*,*,*,17,*,39402,*,forward
7,*,*,*,*,*,17,*,39401,*,forward
8,*,*,*,*,*,17,53,*,*,forward
9,*,*,*,DC.connect.smartthings.com,*,6,443,*,*,forward
10,*,*,*,*,*,17,67,*,*,forward
11,*,*,*,dc-na02-useast1.connect.smartthings.com,*,6,443,*,*,forward
12,*,*,*,*,*,17,*,39400,*,forward
13,*,*,*,pool.ntp.org,*,17,123,*,*,forward
