,sEth,dEth,typEth,Source,Destination,proto,sPort,dPort,priority,action
0,*,*,*,*,ru.pool.ntp.org,17,*,123,*,forward
1,*,*,*,*,*,17,*,67,*,forward
2,*,*,*,*,devs.tplinkcloud.com,6,*,50443,*,forward
3,*,*,*,*,de.pool.ntp.org,17,*,123,*,forward
4,*,*,*,*,s1b.time.edu.cn,17,*,123,*,forward
5,*,ff:ff:ff:ff:ff:ff,0x0800,*,255.255.255.255/32,17,*,67,*,forward
6,*,*,*,*,time-b.nist.gov,17,*,123,*,forward
7,*,*,*,*,0.cn.pool.ntp.org,17,*,123,*,forward
8,*,*,*,*,*,17,9999,*,*,forward
9,*,*,*,*,1.asia.pool.ntp.org,17,*,123,*,forward
10,*,*,*,*,ca.pool.ntp.org,17,*,123,*,forward
11,*,*,*,*,*,17,*,53,*,forward
12,*,*,*,*,us.pool.ntp.org,17,*,123,*,forward
13,*,*,*,*,uk.pool.ntp.org,17,*,123,*,forward
14,*,*,*,*,fr.pool.ntp.org,17,*,123,*,forward
15,*,*,*,*,*,6,9999,*,*,forward
16,*,*,*,s1b.time.edu.cn,*,17,123,*,*,forward
17,*,*,*,fr.pool.ntp.org,*,17,123,*,*,forward
18,*,*,*,*,*,17,53,*,*,forward
19,*,*,*,de.pool.ntp.org,*,17,123,*,*,forward
20,*,*,*,us.pool.ntp.org,*,17,123,*,*,forward
21,*,*,*,ca.pool.ntp.org,*,17,123,*,*,forward
22,*,*,*,0.cn.pool.ntp.org,*,17,123,*,*,forward
23,*,*,*,uk.pool.ntp.org,*,17,123,*,*,forward
24,*,*,*,time-b.nist.gov,*,17,123,*,*,forward
25,*,*,*,*,*,6,*,9999,*,forward
26,*,*,*,ru.pool.ntp.org,*,17,123,*,*,forward
27,*,*,*,*,*,17,67,*,*,forward
28,*,*,*,1.asia.pool.ntp.org,*,17,123,*,*,forward
29,*,*,*,devs.tplinkcloud.com,*,6,50443,*,*,forward
30,*,*,0x888e,*,*,*,*,*,*,forward
31,*,*,0x0006,*,*,*,*,*,*,forward
