,sEth,dEth,typEth,Source,Destination,proto,sPort,dPort,priority,action
0,*,*,*,*,224.0.0.1/32,2,*,*,*,forward
1,*,*,*,*,*,17,*,67,*,forward
2,*,*,*,*,ipc.tplinkcloud.com,6,*,443,*,forward
3,*,*,*,*,0.pool.ntp.org,17,*,123,*,forward
4,*,ff:ff:ff:ff:ff:ff,0x0800,*,255.255.255.255/32,17,*,67,*,forward
5,*,*,*,*,ipc.tplinkcloud.com,6,*,80,*,forward
6,*,*,*,*,ipcserv.tplinkcloud.com,6,*,80,*,forward
7,*,*,*,*,*,17,*,*,*,forward
8,*,*,*,*,devs.tplinkcloud.com,6,*,443,*,forward
9,*,*,*,*,224.0.0.251/32,17,*,5353,*,forward
10,*,*,*,*,sg-stun.tplinkcloud.com,17,*,3478,*,forward
11,*,*,*,*,*,17,1068,*,*,forward
12,*,*,*,*,*,17,*,53,*,forward
13,*,*,*,*,*,6,8080,*,*,forward
14,*,*,*,*,aps1-relay.tplinkcloud.com,6,*,80,*,forward
15,*,*,*,*,224.0.0.2/32,2,*,*,*,forward
16,*,*,*,*,ipcserv.tplinkcloud.com,6,*,443,*,forward
17,*,*,*,*,*,6,80,*,*,forward
18,*,*,*,0.pool.ntp.org,*,17,123,*,*,forward
19,*,*,*,*,*,17,53,*,*,forward
20,*,*,*,ipc.tplinkcloud.com,*,6,80,*,*,forward
21,*,*,*,ipcserv.tplinkcloud.com,*,6,443,*,*,forward
22,*,*,*,ipcserv.tplinkcloud.com,*,6,80,*,*,forward
23,*,*,*,sg-stun.tplinkcloud.com,*,17,3478,*,*,forward
24,*,*,*,devs.tplinkcloud.com,*,6,443,*,*,forward
25,*,*,*,*,*,6,*,8080,*,forward
26,*,*,*,*,*,17,67,*,*,forward
27,*,*,*,aps1-relay.tplinkcloud.com,*,6,80,*,*,forward
28,*,*,*,*,*,17,*,*,*,forward
29,*,*,*,*,*,6,*,80,*,forward
30,*,*,*,ipc.tplinkcloud.com,*,6,443,*,*,forward
31,*,*,0x888e,*,*,*,*,*,*,forward
32,*,*,0x0006,*,*,*,*,*,*,forward
