,sEth,dEth,typEth,Source,Destination,proto,sPort,dPort,priority,action
0,*,*,*,*,sip.aws.invoxia.io,17,*,10003,*,forward
1,*,*,*,*,crossbar.invoxia.io,6,*,8090,*,forward
2,*,*,*,*,playerservices.streamtheworld.com,6,*,80,*,forward
3,*,*,*,*,0.invoxia.pool.ntp.org,17,*,123,*,forward
4,*,ff:ff:ff:ff:ff:ff,0x0800,*,255.255.255.255/32,17,*,67,*,forward
5,*,*,*,*,2.invoxia.pool.ntp.org,17,*,123,*,forward
6,*,*,*,*,sip.aws.invoxia.io,17,*,10002,*,forward
7,*,*,*,*,*,17,*,53,*,forward
8,*,*,*,*,18393.live.streamtheworld.com,6,*,80,*,forward
9,*,*,*,*,1129153316.airable.io,6,*,80,*,forward
10,*,*,*,*,whatismyip.akamai.com,6,*,80,*,forward
11,*,*,*,*,*,17,*,67,*,forward
12,*,*,*,*,sip.aws.invoxia.io,6,*,5228,*,forward
13,*,*,*,*,streaming.novaentertainment.com.au,6,*,80,*,forward
14,*,*,*,*,224.0.0.251/32,17,*,5353,*,forward
15,*,*,*,*,ws.invoxia.io,6,*,443,*,forward
16,*,*,*,*,3.invoxia.pool.ntp.org,17,*,123,*,forward
17,*,*,*,*,esdk-ffl.spotify.com,6,*,80,*,forward
18,*,*,*,*,developer.invoxia.com,6,*,80,*,forward
19,*,*,*,*,15373.live.streamtheworld.com,6,*,80,*,forward
20,*,*,*,*,*,17,53,*,*,forward
21,*,*,*,1129153316.airable.io,*,6,80,*,*,forward
22,*,*,*,2.invoxia.pool.ntp.org,*,17,123,*,*,forward
23,*,*,*,streaming.novaentertainment.com.au,*,6,80,*,*,forward
24,*,*,*,playerservices.streamtheworld.com,*,6,80,*,*,forward
25,*,*,*,18393.live.streamtheworld.com,*,6,80,*,*,forward
26,*,*,*,15373.live.streamtheworld.com,*,6,80,*,*,forward
27,*,*,*,sip.aws.invoxia.io,*,6,5228,*,*,forward
28,*,*,*,sip.aws.invoxia.io,*,17,10002,*,*,forward
29,*,*,*,developer.invoxia.com,*,6,80,*,*,forward
30,*,*,*,whatismyip.akamai.com,*,6,80,*,*,forward
31,*,*,*,*,*,17,67,*,*,forward
32,*,*,*,ws.invoxia.io,*,6,443,*,*,forward
33,*,*,*,esdk-ffl.spotify.com,*,6,80,*,*,forward
34,*,*,*,0.invoxia.pool.ntp.org,*,17,123,*,*,forward
35,*,*,*,3.invoxia.pool.ntp.org,*,17,123,*,*,forward
36,*,*,*,crossbar.invoxia.io,*,6,8090,*,*,forward
37,*,*,*,*,*,58,*,*,*,forward
38,*,*,*,*,*,17,*,5353,*,forward
39,*,*,*,*,*,58,*,*,*,forward
40,*,*,*,*,*,0,*,*,*,forward
41,*,*,0x0006,*,*,*,*,*,*,forward
42,*,*,0x888e,*,*,*,*,*,*,forward
