,sEth,dEth,typEth,Source,Destination,proto,sPort,dPort,priority,action
0,*,*,*,*,fr-eqx-fwd-06.withings.com,6,*,1935,*,forward
1,*,*,*,*,fr-on-fwd-03.withings.net,6,*,1935,*,forward
2,*,*,*,*,*,17,*,53,*,forward
3,*,ff:ff:ff:ff:ff:ff,0x0800,*,255.255.255.255/32,17,*,67,*,forward
4,*,*,*,*,fr-on-vm-02-lxc-03.withings.net,6,*,1935,*,forward
5,*,*,*,*,fr-on-vm-02-lxc-05.withings.net,6,*,1935,*,forward
6,*,*,*,*,us-iweb-fwd-01-lxc-04.withings.net,6,*,1935,*,forward
7,*,*,*,*,224.0.0.251/32,17,*,5353,*,forward
8,*,*,*,*,fr-ovh-fwd-03.withings.net,6,*,1935,*,forward
9,*,*,*,*,babyws.withings.net,6,*,80,*,forward
10,*,*,*,babyws.withings.net,*,6,80,*,*,forward
11,*,*,*,fr-on-vm-02-lxc-03.withings.net,*,6,1935,*,*,forward
12,*,*,*,*,*,17,53,*,*,forward
13,*,*,*,*,*,17,67,*,*,forward
14,*,*,*,fr-ovh-fwd-03.withings.net,*,6,1935,*,*,forward
15,*,*,*,fr-on-fwd-03.withings.net,*,6,1935,*,*,forward
16,*,*,*,fr-on-vm-02-lxc-05.withings.net,*,6,1935,*,*,forward
17,*,*,*,fr-eqx-fwd-06.withings.com,*,6,1935,*,*,forward
18,*,*,*,us-iweb-fwd-01-lxc-04.withings.net,*,6,1935,*,*,forward
