,sEth,dEth,typEth,Source,Destination,proto,sPort,dPort,priority,action
0,*,*,*,*,scalews.withings.net,6,*,443,*,forward
1,*,*,*,*,*,17,*,53,*,forward
2,*,*,*,*,224.0.0.22/32,2,*,*,*,forward
3,*,ff:ff:ff:ff:ff:ff,0x0800,*,255.255.255.255/32,17,*,67,*,forward
4,*,*,*,*,scalews.withings.net,6,*,80,*,forward
5,*,*,*,*,224.0.0.251/32,17,*,5353,*,forward
6,*,*,*,*,*,17,53,*,*,forward
7,*,*,*,scalews.withings.net,*,6,443,*,*,forward
8,*,*,*,*,*,17,67,*,*,forward
9,*,*,*,scalews.withings.net,*,6,80,*,*,forward
10,*,*,0x888e,*,*,*,*,*,*,forward
