{
  "ietf-mud:mud" : {
    "mud-version" : 1,
    "mud-url" : "https://tplinkplug.com/tplinkplug",
    "last-update" : "2018-09-26T01:00:56.222+10:00",
    "cache-validity" : 100,
    "is-supported" : true,
    "systeminfo" : "tplinkplug",
    "from-device-policy" : {
      "access-lists" : {
        "access-list" : [ {
          "name" : "from-ipv4-tplinkplug"
        }, {
          "name" : "from-ethernet-tplinkplug"
        } ]
      }
    },
    "to-device-policy" : {
      "access-lists" : {
        "access-list" : [ {
          "name" : "to-ipv4-tplinkplug"
        } ]
      }
    }
  },
  "ietf-access-control-list:access-lists" : {
    "acl" : [ {
      "name" : "from-ipv4-tplinkplug",
      "type" : "ipv4-acl-type",
      "aces" : {
        "ace" : [ {
          "name" : "from-ipv4-tplinkplug-0",
          "matches" : {
            "ipv4" : {
              "protocol" : 17,
              "ietf-acldns:dst-dnsname" : "ru.pool.ntp.org"
            },
            "udp" : {
              "destination-port" : {
                "operator" : "eq",
                "port" : 123
              }
            }
          },
          "actions" : {
            "forwarding" : "accept"
          }
        }, {
          "name" : "from-ipv4-tplinkplug-1",
          "matches" : {
            "ietf-mud:mud" : {
              "controller" : "urn:ietf:params:mud:gateway"
            },
            "ipv4" : {
              "protocol" : 17
            },
            "udp" : {
              "destination-port" : {
                "operator" : "eq",
                "port" : 67
              }
            }
          },
          "actions" : {
            "forwarding" : "accept"
          }
        }, {
          "name" : "from-ipv4-tplinkplug-2",
          "matches" : {
            "ipv4" : {
              "protocol" : 6,
              "ietf-acldns:dst-dnsname" : "devs.tplinkcloud.com"
            },
            "tcp" : {
              "destination-port" : {
                "operator" : "eq",
                "port" : 50443
              },
              "ietf-mud:direction-initiated" : "from-device"
            }
          },
          "actions" : {
            "forwarding" : "accept"
          }
        }, {
          "name" : "from-ipv4-tplinkplug-3",
          "matches" : {
            "ipv4" : {
              "protocol" : 17,
              "ietf-acldns:dst-dnsname" : "de.pool.ntp.org"
            },
            "udp" : {
              "destination-port" : {
                "operator" : "eq",
                "port" : 123
              }
            }
          },
          "actions" : {
            "forwarding" : "accept"
          }
        }, {
          "name" : "from-ipv4-tplinkplug-4",
          "matches" : {
            "ipv4" : {
              "protocol" : 17,
              "ietf-acldns:dst-dnsname" : "s1b.time.edu.cn"
            },
            "udp" : {
              "destination-port" : {
                "operator" : "eq",
                "port" : 123
              }
            }
          },
          "actions" : {
            "forwarding" : "accept"
          }
        }, {
          "name" : "from-ipv4-tplinkplug-5",
          "matches" : {
            "ietf-mud:mud" : {
              "local-networks" : [ null ]
            },
            "ipv4" : {
              "protocol" : 17,
              "destination-ipv4-network" : "255.255.255.255/32"
            },
            "udp" : {
              "destination-port" : {
                "operator" : "eq",
                "port" : 67
              }
            },
            "eth" : {
              "destination-mac-address" : "ff:ff:ff:ff:ff:ff",
              "ethertype" : "0x0800"
            }
          },
          "actions" : {
            "forwarding" : "accept"
          }
        }, {
          "name" : "from-ipv4-tplinkplug-6",
          "matches" : {
            "ipv4" : {
              "protocol" : 17,
              "ietf-acldns:dst-dnsname" : "time-b.nist.gov"
            },
            "udp" : {
              "destination-port" : {
                "operator" : "eq",
                "port" : 123
              }
            }
          },
          "actions" : {
            "forwarding" : "accept"
          }
        }, {
          "name" : "from-ipv4-tplinkplug-7",
          "matches" : {
            "ipv4" : {
              "protocol" : 17,
              "ietf-acldns:dst-dnsname" : "0.cn.pool.ntp.org"
            },
            "udp" : {
              "destination-port" : {
                "operator" : "eq",
                "port" : 123
              }
            }
          },
          "actions" : {
            "forwarding" : "accept"
          }
        }, {
          "name" : "from-ipv4-tplinkplug-8",
          "matches" : {
            "ietf-mud:mud" : {
              "local-networks" : [ null ]
            },
            "ipv4" : {
              "protocol" : 17
            },
            "udp" : {
              "source-port" : {
                "operator" : "eq",
                "port" : 9999
              }
            }
          },
          "actions" : {
            "forwarding" : "accept"
          }
        }, {
          "name" : "from-ipv4-tplinkplug-9",
          "matches" : {
            "ipv4" : {
              "protocol" : 17,
              "ietf-acldns:dst-dnsname" : "1.asia.pool.ntp.org"
            },
            "udp" : {
              "destination-port" : {
                "operator" : "eq",
                "port" : 123
              }
            }
          },
          "actions" : {
            "forwarding" : "accept"
          }
        }, {
          "name" : "from-ipv4-tplinkplug-10",
          "matches" : {
            "ipv4" : {
              "protocol" : 17,
              "ietf-acldns:dst-dnsname" : "ca.pool.ntp.org"
            },
            "udp" : {
              "destination-port" : {
                "operator" : "eq",
                "port" : 123
              }
            }
          },
          "actions" : {
            "forwarding" : "accept"
          }
        }, {
          "name" : "from-ipv4-tplinkplug-11",
          "matches" : {
            "ietf-mud:mud" : {
              "controller" : "urn:ietf:params:mud:dns"
            },
            "ipv4" : {
              "protocol" : 17
            },
            "udp" : {
              "destination-port" : {
                "operator" : "eq",
                "port" : 53
              }
            }
          },
          "actions" : {
            "forwarding" : "accept"
          }
        }, {
          "name" : "from-ipv4-tplinkplug-12",
          "matches" : {
            "ipv4" : {
              "protocol" : 17,
              "ietf-acldns:dst-dnsname" : "us.pool.ntp.org"
            },
            "udp" : {
              "destination-port" : {
                "operator" : "eq",
                "port" : 123
              }
            }
          },
          "actions" : {
            "forwarding" : "accept"
          }
        }, {
          "name" : "from-ipv4-tplinkplug-13",
          "matches" : {
            "ipv4" : {
              "protocol" : 17,
              "ietf-acldns:dst-dnsname" : "uk.pool.ntp.org"
            },
            "udp" : {
              "destination-port" : {
                "operator" : "eq",
                "port" : 123
              }
            }
          },
          "actions" : {
            "forwarding" : "accept"
          }
        }, {
          "name" : "from-ipv4-tplinkplug-14",
          "matches" : {
            "ipv4" : {
              "protocol" : 17,
              "ietf-acldns:dst-dnsname" : "fr.pool.ntp.org"
            },
            "udp" : {
              "destination-port" : {
                "operator" : "eq",
                "port" : 123
              }
            }
          },
          "actions" : {
            "forwarding" : "accept"
          }
        }, {
          "name" : "from-ipv4-tplinkplug-15",
          "matches" : {
            "ietf-mud:mud" : {
              "local-networks" : [ null ]
            },
            "ipv4" : {
              "protocol" : 6
            },
            "tcp" : {
              "source-port" : {
                "operator" : "eq",
                "port" : 9999
              }
            }
          },
          "actions" : {
            "forwarding" : "accept"
          }
        } ]
      }
    }, {
      "name" : "to-ipv4-tplinkplug",
      "type" : "ipv4-acl-type",
      "aces" : {
        "ace" : [ {
          "name" : "to-ipv4-tplinkplug-0",
          "matches" : {
            "ipv4" : {
              "protocol" : 17,
              "ietf-acldns:src-dnsname" : "s1b.time.edu.cn"
            },
            "udp" : {
              "source-port" : {
                "operator" : "eq",
                "port" : 123
              }
            }
          },
          "actions" : {
            "forwarding" : "accept"
          }
        }, {
          "name" : "to-ipv4-tplinkplug-1",
          "matches" : {
            "ipv4" : {
              "protocol" : 17,
              "ietf-acldns:src-dnsname" : "fr.pool.ntp.org"
            },
            "udp" : {
              "source-port" : {
                "operator" : "eq",
                "port" : 123
              }
            }
          },
          "actions" : {
            "forwarding" : "accept"
          }
        }, {
          "name" : "to-ipv4-tplinkplug-2",
          "matches" : {
            "ietf-mud:mud" : {
              "controller" : "urn:ietf:params:mud:dns"
            },
            "ipv4" : {
              "protocol" : 17
            },
            "udp" : {
              "source-port" : {
                "operator" : "eq",
                "port" : 53
              }
            }
          },
          "actions" : {
            "forwarding" : "accept"
          }
        }, {
          "name" : "to-ipv4-tplinkplug-3",
          "matches" : {
            "ipv4" : {
              "protocol" : 17,
              "ietf-acldns:src-dnsname" : "de.pool.ntp.org"
            },
            "udp" : {
              "source-port" : {
                "operator" : "eq",
                "port" : 123
              }
            }
          },
          "actions" : {
            "forwarding" : "accept"
          }
        }, {
          "name" : "to-ipv4-tplinkplug-4",
          "matches" : {
            "ipv4" : {
              "protocol" : 17,
              "ietf-acldns:src-dnsname" : "us.pool.ntp.org"
            },
            "udp" : {
              "source-port" : {
                "operator" : "eq",
                "port" : 123
              }
            }
          },
          "actions" : {
            "forwarding" : "accept"
          }
        }, {
          "name" : "to-ipv4-tplinkplug-5",
          "matches" : {
            "ipv4" : {
              "protocol" : 17,
              "ietf-acldns:src-dnsname" : "ca.pool.ntp.org"
            },
            "udp" : {
              "source-port" : {
                "operator" : "eq",
                "port" : 123
              }
            }
          },
          "actions" : {
            "forwarding" : "accept"
          }
        }, {
          "name" : "to-ipv4-tplinkplug-6",
          "matches" : {
            "ipv4" : {
              "protocol" : 17,
              "ietf-acldns:src-dnsname" : "0.cn.pool.ntp.org"
            },
            "udp" : {
              "source-port" : {
                "operator" : "eq",
                "port" : 123
              }
            }
          },
          "actions" : {
            "forwarding" : "accept"
          }
        }, {
          "name" : "to-ipv4-tplinkplug-7",
          "matches" : {
            "ipv4" : {
              "protocol" : 17,
              "ietf-acldns:src-dnsname" : "uk.pool.ntp.org"
            },
            "udp" : {
              "source-port" : {
                "operator" : "eq",
                "port" : 123
              }
            }
          },
          "actions" : {
            "forwarding" : "accept"
          }
        }, {
          "name" : "to-ipv4-tplinkplug-8",
          "matches" : {
            "ipv4" : {
              "protocol" : 17,
              "ietf-acldns:src-dnsname" : "time-b.nist.gov"
            },
            "udp" : {
              "source-port" : {
                "operator" : "eq",
                "port" : 123
              }
            }
          },
          "actions" : {
            "forwarding" : "accept"
          }
        }, {
          "name" : "to-ipv4-tplinkplug-9",
          "matches" : {
            "ietf-mud:mud" : {
              "local-networks" : [ null ]
            },
            "ipv4" : {
              "protocol" : 6
            },
            "tcp" : {
              "destination-port" : {
                "operator" : "eq",
                "port" : 9999
              },
              "ietf-mud:direction-initiated" : "to-device"
            }
          },
          "actions" : {
            "forwarding" : "accept"
          }
        }, {
          "name" : "to-ipv4-tplinkplug-10",
          "matches" : {
            "ipv4" : {
              "protocol" : 17,
              "ietf-acldns:src-dnsname" : "ru.pool.ntp.org"
            },
            "udp" : {
              "source-port" : {
                "operator" : "eq",
                "port" : 123
              }
            }
          },
          "actions" : {
            "forwarding" : "accept"
          }
        }, {
          "name" : "to-ipv4-tplinkplug-11",
          "matches" : {
            "ietf-mud:mud" : {
              "controller" : "urn:ietf:params:mud:gateway"
            },
            "ipv4" : {
              "protocol" : 17
            },
            "udp" : {
              "source-port" : {
                "operator" : "eq",
                "port" : 67
              }
            }
          },
          "actions" : {
            "forwarding" : "accept"
          }
        }, {
          "name" : "to-ipv4-tplinkplug-12",
          "matches" : {
            "ipv4" : {
              "protocol" : 17,
              "ietf-acldns:src-dnsname" : "1.asia.pool.ntp.org"
            },
            "udp" : {
              "source-port" : {
                "operator" : "eq",
                "port" : 123
              }
            }
          },
          "actions" : {
            "forwarding" : "accept"
          }
        }, {
          "name" : "to-ipv4-tplinkplug-13",
          "matches" : {
            "ipv4" : {
              "protocol" : 6,
              "ietf-acldns:src-dnsname" : "devs.tplinkcloud.com"
            },
            "tcp" : {
              "source-port" : {
                "operator" : "eq",
                "port" : 50443
              }
            }
          },
          "actions" : {
            "forwarding" : "accept"
          }
        } ]
      }
    }, {
      "name" : "from-ethernet-tplinkplug",
      "type" : "ethernet-acl-type",
      "aces" : {
        "ace" : [ {
          "name" : "from-ethernet-tplinkplug-0",
          "matches" : {
            "ietf-mud:mud" : {
              "local-networks" : [ null ]
            },
            "eth" : {
              "ethertype" : "0x888e"
            }
          },
          "actions" : {
            "forwarding" : "accept"
          }
        }, {
          "name" : "from-ethernet-tplinkplug-1",
          "matches" : {
            "ietf-mud:mud" : {
              "local-networks" : [ null ]
            },
            "eth" : {
              "ethertype" : "0x0006"
            }
          },
          "actions" : {
            "forwarding" : "accept"
          }
        } ]
      }
    } ]
  }
}