{
  "ietf-mud:mud" : {
    "mud-version" : 1,
    "mud-url" : "https://samsungsmartcam.com/samsungsmartcam",
    "last-update" : "2018-10-02T15:55:52.709+10:00",
    "cache-validity" : 100,
    "is-supported" : true,
    "systeminfo" : "samsungsmartcam",
    "from-device-policy" : {
      "access-lists" : {
        "access-list" : [ {
          "name" : "from-ipv4-samsungsmartcam"
        }, {
          "name" : "from-ipv6-samsungsmartcam"
        }, {
          "name" : "from-ethernet-samsungsmartcam"
        } ]
      }
    },
    "to-device-policy" : {
      "access-lists" : {
        "access-list" : [ {
          "name" : "to-ipv4-samsungsmartcam"
        } ]
      }
    }
  },
  "ietf-access-control-list:access-lists" : {
    "acl" : [ {
      "name" : "from-ipv4-samsungsmartcam",
      "type" : "ipv4-acl-type",
      "aces" : {
        "ace" : [ {
          "name" : "from-ipv4-samsungsmartcam-0",
          "matches" : {
            "ipv4" : {
              "protocol" : 17,
              "ietf-acldns:dst-dnsname" : "europe.pool.ntp.org"
            },
            "udp" : {
              "destination-port" : {
                "operator" : "eq",
                "port" : 123
              }
            }
          },
          "actions" : {
            "forwarding" : "accept"
          }
        }, {
          "name" : "from-ipv4-samsungsmartcam-1",
          "matches" : {
            "ietf-mud:mud" : {
              "local-networks" : [ null ]
            },
            "ipv4" : {
              "protocol" : 2,
              "destination-ipv4-network" : "224.0.0.251/32"
            }
          },
          "actions" : {
            "forwarding" : "accept"
          }
        }, {
          "name" : "from-ipv4-samsungsmartcam-2",
          "matches" : {
            "ietf-mud:mud" : {
              "local-networks" : [ null ]
            },
            "ipv4" : {
              "protocol" : 6
            },
            "tcp" : {
              "source-port" : {
                "operator" : "eq",
                "lower-port" : 30000,
                "upper-port" : 49000
              }
            }
          },
          "actions" : {
            "forwarding" : "accept"
          }
        }, {
          "name" : "from-ipv4-samsungsmartcam-3",
          "matches" : {
            "ietf-mud:mud" : {
              "local-networks" : [ null ]
            },
            "ipv4" : {
              "protocol" : 2,
              "destination-ipv4-network" : "224.0.0.22/32"
            }
          },
          "actions" : {
            "forwarding" : "accept"
          }
        }, {
          "name" : "from-ipv4-samsungsmartcam-4",
          "matches" : {
            "ietf-mud:mud" : {
              "local-networks" : [ null ]
            },
            "ipv4" : {
              "protocol" : 17,
              "destination-ipv4-network" : "239.255.255.250/32"
            },
            "udp" : {
              "destination-port" : {
                "operator" : "eq",
                "port" : 1900
              }
            }
          },
          "actions" : {
            "forwarding" : "accept"
          }
        }, {
          "name" : "from-ipv4-samsungsmartcam-5",
          "matches" : {
            "ietf-mud:mud" : {
              "local-networks" : [ null ]
            },
            "ipv4" : {
              "protocol" : 17,
              "destination-ipv4-network" : "255.255.255.255/32"
            },
            "udp" : {
              "destination-port" : {
                "operator" : "eq",
                "port" : 67
              }
            },
            "eth" : {
              "destination-mac-address" : "ff:ff:ff:ff:ff:ff",
              "ethertype" : "0x0800"
            }
          },
          "actions" : {
            "forwarding" : "accept"
          }
        }, {
          "name" : "from-ipv4-samsungsmartcam-6",
          "matches" : {
            "ipv4" : {
              "protocol" : 17
            },
            "udp" : {
              "source-port" : {
                "operator" : "eq",
                "lower-port" : 1024,
                "upper-port" : 65535
              }
            }
          },
          "actions" : {
            "forwarding" : "accept"
          }
        }, {
          "name" : "from-ipv4-samsungsmartcam-7",
          "matches" : {
            "ipv4" : {
              "protocol" : 17,
              "ietf-acldns:dst-dnsname" : "pool.ntp.org"
            },
            "udp" : {
              "destination-port" : {
                "operator" : "eq",
                "port" : 123
              }
            }
          },
          "actions" : {
            "forwarding" : "accept"
          }
        }, {
          "name" : "from-ipv4-samsungsmartcam-8",
          "matches" : {
            "ietf-mud:mud" : {
              "local-networks" : [ null ]
            },
            "ipv4" : {
              "protocol" : 6
            },
            "tcp" : {
              "source-port" : {
                "operator" : "eq",
                "lower-port" : 40156,
                "upper-port" : 65500
              }
            }
          },
          "actions" : {
            "forwarding" : "accept"
          }
        }, {
          "name" : "from-ipv4-samsungsmartcam-9",
          "matches" : {
            "ietf-mud:mud" : {
              "local-networks" : [ null ]
            },
            "ipv4" : {
              "protocol" : 2,
              "destination-ipv4-network" : "239.255.255.250/32"
            }
          },
          "actions" : {
            "forwarding" : "accept"
          }
        }, {
          "name" : "from-ipv4-samsungsmartcam-10",
          "matches" : {
            "ietf-mud:mud" : {
              "controller" : "urn:ietf:params:mud:dns"
            },
            "ipv4" : {
              "protocol" : 17
            },
            "udp" : {
              "destination-port" : {
                "operator" : "eq",
                "port" : 53
              }
            }
          },
          "actions" : {
            "forwarding" : "accept"
          }
        }, {
          "name" : "from-ipv4-samsungsmartcam-11",
          "matches" : {
            "ietf-mud:mud" : {
              "local-networks" : [ null ]
            },
            "ipv4" : {
              "protocol" : 6
            },
            "tcp" : {
              "source-port" : {
                "operator" : "eq",
                "port" : 49152
              }
            }
          },
          "actions" : {
            "forwarding" : "accept"
          }
        }, {
          "name" : "from-ipv4-samsungsmartcam-12",
          "matches" : {
            "ietf-mud:mud" : {
              "local-networks" : [ null ]
            },
            "ipv4" : {
              "protocol" : 17
            },
            "udp" : { }
          },
          "actions" : {
            "forwarding" : "accept"
          }
        }, {
          "name" : "from-ipv4-samsungsmartcam-13",
          "matches" : {
            "ipv4" : {
              "protocol" : 6,
              "ietf-acldns:dst-dnsname" : "xmpp.samsungsmartcam.com"
            },
            "tcp" : {
              "destination-port" : {
                "operator" : "eq",
                "port" : 5222
              },
              "ietf-mud:direction-initiated" : "from-device"
            }
          },
          "actions" : {
            "forwarding" : "accept"
          }
        }, {
          "name" : "from-ipv4-samsungsmartcam-14",
          "matches" : {
            "ietf-mud:mud" : {
              "controller" : "urn:ietf:params:mud:gateway"
            },
            "ipv4" : {
              "protocol" : 17
            },
            "udp" : {
              "destination-port" : {
                "operator" : "eq",
                "port" : 67
              }
            }
          },
          "actions" : {
            "forwarding" : "accept"
          }
        }, {
          "name" : "from-ipv4-samsungsmartcam-15",
          "matches" : {
            "ipv4" : {
              "protocol" : 17,
              "ietf-acldns:dst-dnsname" : "asia.pool.ntp.org"
            },
            "udp" : {
              "destination-port" : {
                "operator" : "eq",
                "port" : 123
              }
            }
          },
          "actions" : {
            "forwarding" : "accept"
          }
        }, {
          "name" : "from-ipv4-samsungsmartcam-16",
          "matches" : {
            "ipv4" : {
              "protocol" : 6,
              "ietf-acldns:dst-dnsname" : "media.samsungsmartcam.com"
            },
            "tcp" : {
              "destination-port" : {
                "operator" : "eq",
                "port" : 443
              },
              "ietf-mud:direction-initiated" : "from-device"
            }
          },
          "actions" : {
            "forwarding" : "accept"
          }
        }, {
          "name" : "from-ipv4-samsungsmartcam-17",
          "matches" : {
            "ietf-mud:mud" : {
              "local-networks" : [ null ]
            },
            "ipv4" : {
              "protocol" : 2,
              "destination-ipv4-network" : "224.0.0.2/32"
            }
          },
          "actions" : {
            "forwarding" : "accept"
          }
        }, {
          "name" : "from-ipv4-samsungsmartcam-18",
          "matches" : {
            "ietf-mud:mud" : {
              "local-networks" : [ null ]
            },
            "ipv4" : {
              "protocol" : 6
            },
            "tcp" : {
              "source-port" : {
                "operator" : "eq",
                "port" : 80
              }
            }
          },
          "actions" : {
            "forwarding" : "accept"
          }
        } ]
      }
    }, {
      "name" : "to-ipv4-samsungsmartcam",
      "type" : "ipv4-acl-type",
      "aces" : {
        "ace" : [ {
          "name" : "to-ipv4-samsungsmartcam-0",
          "matches" : {
            "ietf-mud:mud" : {
              "controller" : "urn:ietf:params:mud:dns"
            },
            "ipv4" : {
              "protocol" : 17
            },
            "udp" : {
              "source-port" : {
                "operator" : "eq",
                "port" : 53
              }
            }
          },
          "actions" : {
            "forwarding" : "accept"
          }
        }, {
          "name" : "to-ipv4-samsungsmartcam-1",
          "matches" : {
            "ietf-mud:mud" : {
              "local-networks" : [ null ]
            },
            "ipv4" : {
              "protocol" : 6
            },
            "tcp" : {
              "destination-port" : {
                "operator" : "eq",
                "lower-port" : 30000,
                "upper-port" : 49000
              },
              "ietf-mud:direction-initiated" : "to-device"
            }
          },
          "actions" : {
            "forwarding" : "accept"
          }
        }, {
          "name" : "to-ipv4-samsungsmartcam-2",
          "matches" : {
            "ipv4" : {
              "protocol" : 17,
              "ietf-acldns:src-dnsname" : "europe.pool.ntp.org"
            },
            "udp" : {
              "source-port" : {
                "operator" : "eq",
                "port" : 123
              }
            }
          },
          "actions" : {
            "forwarding" : "accept"
          }
        }, {
          "name" : "to-ipv4-samsungsmartcam-3",
          "matches" : {
            "ietf-mud:mud" : {
              "local-networks" : [ null ]
            },
            "ipv4" : {
              "protocol" : 6
            },
            "tcp" : {
              "destination-port" : {
                "operator" : "eq",
                "lower-port" : 40156,
                "upper-port" : 65500
              },
              "ietf-mud:direction-initiated" : "to-device"
            }
          },
          "actions" : {
            "forwarding" : "accept"
          }
        }, {
          "name" : "to-ipv4-samsungsmartcam-4",
          "matches" : {
            "ipv4" : {
              "protocol" : 17,
              "ietf-acldns:src-dnsname" : "asia.pool.ntp.org"
            },
            "udp" : {
              "source-port" : {
                "operator" : "eq",
                "port" : 123
              }
            }
          },
          "actions" : {
            "forwarding" : "accept"
          }
        }, {
          "name" : "to-ipv4-samsungsmartcam-5",
          "matches" : {
            "ipv4" : {
              "protocol" : 6,
              "ietf-acldns:src-dnsname" : "media.samsungsmartcam.com"
            },
            "tcp" : {
              "source-port" : {
                "operator" : "eq",
                "port" : 443
              }
            }
          },
          "actions" : {
            "forwarding" : "accept"
          }
        }, {
          "name" : "to-ipv4-samsungsmartcam-6",
          "matches" : {
            "ietf-mud:mud" : {
              "local-networks" : [ null ]
            },
            "ipv4" : {
              "protocol" : 17
            },
            "udp" : { }
          },
          "actions" : {
            "forwarding" : "accept"
          }
        }, {
          "name" : "to-ipv4-samsungsmartcam-7",
          "matches" : {
            "ietf-mud:mud" : {
              "controller" : "urn:ietf:params:mud:gateway"
            },
            "ipv4" : {
              "protocol" : 17
            },
            "udp" : {
              "source-port" : {
                "operator" : "eq",
                "port" : 67
              }
            }
          },
          "actions" : {
            "forwarding" : "accept"
          }
        }, {
          "name" : "to-ipv4-samsungsmartcam-8",
          "matches" : {
            "ipv4" : {
              "protocol" : 17
            },
            "udp" : {
              "source-port" : {
                "operator" : "eq",
                "lower-port" : 1024,
                "upper-port" : 65535
              }
            }
          },
          "actions" : {
            "forwarding" : "accept"
          }
        }, {
          "name" : "to-ipv4-samsungsmartcam-9",
          "matches" : {
            "ietf-mud:mud" : {
              "local-networks" : [ null ]
            },
            "ipv4" : {
              "protocol" : 6
            },
            "tcp" : {
              "destination-port" : {
                "operator" : "eq",
                "port" : 49152
              },
              "ietf-mud:direction-initiated" : "to-device"
            }
          },
          "actions" : {
            "forwarding" : "accept"
          }
        }, {
          "name" : "to-ipv4-samsungsmartcam-10",
          "matches" : {
            "ietf-mud:mud" : {
              "local-networks" : [ null ]
            },
            "ipv4" : {
              "protocol" : 6
            },
            "tcp" : {
              "destination-port" : {
                "operator" : "eq",
                "port" : 80
              },
              "ietf-mud:direction-initiated" : "to-device"
            }
          },
          "actions" : {
            "forwarding" : "accept"
          }
        }, {
          "name" : "to-ipv4-samsungsmartcam-11",
          "matches" : {
            "ipv4" : {
              "protocol" : 6,
              "ietf-acldns:src-dnsname" : "xmpp.samsungsmartcam.com"
            },
            "tcp" : {
              "source-port" : {
                "operator" : "eq",
                "port" : 5222
              }
            }
          },
          "actions" : {
            "forwarding" : "accept"
          }
        }, {
          "name" : "to-ipv4-samsungsmartcam-12",
          "matches" : {
            "ipv4" : {
              "protocol" : 17,
              "ietf-acldns:src-dnsname" : "pool.ntp.org"
            },
            "udp" : {
              "source-port" : {
                "operator" : "eq",
                "port" : 123
              }
            }
          },
          "actions" : {
            "forwarding" : "accept"
          }
        } ]
      }
    }, {
      "name" : "from-ipv6-samsungsmartcam",
      "type" : "ipv6-acl-type",
      "aces" : {
        "ace" : [ {
          "name" : "from-ipv6-samsungsmartcam-0",
          "matches" : {
            "ietf-mud:mud" : {
              "controller" : "urn:ietf:params:mud:gateway"
            },
            "ipv6" : {
              "protocol" : 58
            }
          },
          "actions" : {
            "forwarding" : "accept"
          }
        }, {
          "name" : "from-ipv6-samsungsmartcam-1",
          "matches" : {
            "ietf-mud:mud" : {
              "local-networks" : [ null ]
            },
            "ipv6" : {
              "protocol" : 17,
              "destination-ipv6-network" : "ff00::/8"
            },
            "udp" : {
              "destination-port" : {
                "operator" : "eq",
                "port" : 1900
              }
            }
          },
          "actions" : {
            "forwarding" : "accept"
          }
        }, {
          "name" : "from-ipv6-samsungsmartcam-2",
          "matches" : {
            "ietf-mud:mud" : {
              "local-networks" : [ null ]
            },
            "ipv6" : {
              "protocol" : 17,
              "destination-ipv6-network" : "ff00::/8"
            },
            "udp" : {
              "destination-port" : {
                "operator" : "eq",
                "port" : 5353
              }
            }
          },
          "actions" : {
            "forwarding" : "accept"
          }
        }, {
          "name" : "from-ipv6-samsungsmartcam-3",
          "matches" : {
            "ietf-mud:mud" : {
              "local-networks" : [ null ]
            },
            "ipv6" : {
              "protocol" : 58,
              "destination-ipv6-network" : "ff00::/8"
            }
          },
          "actions" : {
            "forwarding" : "accept"
          }
        }, {
          "name" : "from-ipv6-samsungsmartcam-4",
          "matches" : {
            "ietf-mud:mud" : {
              "local-networks" : [ null ]
            },
            "ipv6" : {
              "protocol" : 0,
              "destination-ipv6-network" : "ff00::/8"
            }
          },
          "actions" : {
            "forwarding" : "accept"
          }
        } ]
      }
    }, {
      "name" : "from-ethernet-samsungsmartcam",
      "type" : "ethernet-acl-type",
      "aces" : {
        "ace" : [ {
          "name" : "from-ethernet-samsungsmartcam-0",
          "matches" : {
            "ietf-mud:mud" : {
              "local-networks" : [ null ]
            },
            "eth" : {
              "ethertype" : "0x0006"
            }
          },
          "actions" : {
            "forwarding" : "accept"
          }
        }, {
          "name" : "from-ethernet-samsungsmartcam-1",
          "matches" : {
            "ietf-mud:mud" : {
              "local-networks" : [ null ]
            },
            "eth" : {
              "ethertype" : "0x888e"
            }
          },
          "actions" : {
            "forwarding" : "accept"
          }
        } ]
      }
    } ]
  }
}