{
  "ietf-mud:mud" : {
    "mud-version" : 1,
    "mud-url" : "https://belkincamera.com/belkincamera",
    "last-update" : "2018-09-28T23:28:50.878+10:00",
    "cache-validity" : 100,
    "is-supported" : true,
    "systeminfo" : "belkincamera",
    "from-device-policy" : {
      "access-lists" : {
        "access-list" : [ {
          "name" : "from-ipv4-belkincamera"
        }, {
          "name" : "from-ethernet-belkincamera"
        } ]
      }
    },
    "to-device-policy" : {
      "access-lists" : {
        "access-list" : [ {
          "name" : "to-ipv4-belkincamera"
        } ]
      }
    }
  },
  "ietf-access-control-list:access-lists" : {
    "acl" : [ {
      "name" : "from-ipv4-belkincamera",
      "type" : "ipv4-acl-type",
      "aces" : {
        "ace" : [ {
          "name" : "from-ipv4-belkincamera-0",
          "matches" : {
            "ipv4" : {
              "protocol" : 6,
              "ietf-acldns:dst-dnsname" : "origin.belkin-us.tendplatform.com"
            },
            "tcp" : {
              "destination-port" : {
                "operator" : "eq",
                "port" : 443
              },
              "ietf-mud:direction-initiated" : "from-device"
            }
          },
          "actions" : {
            "forwarding" : "accept"
          }
        }, {
          "name" : "from-ipv4-belkincamera-1",
          "matches" : {
            "ipv4" : {
              "protocol" : 6,
              "ietf-acldns:dst-dnsname" : "api.xbcs.net"
            },
            "tcp" : {
              "destination-port" : {
                "operator" : "eq",
                "port" : 8443
              },
              "ietf-mud:direction-initiated" : "from-device"
            }
          },
          "actions" : {
            "forwarding" : "accept"
          }
        }, {
          "name" : "from-ipv4-belkincamera-2",
          "matches" : {
            "ipv4" : {
              "protocol" : 6
            },
            "tcp" : {
              "destination-port" : {
                "operator" : "eq",
                "port" : 5104
              },
              "ietf-mud:direction-initiated" : "from-device"
            }
          },
          "actions" : {
            "forwarding" : "accept"
          }
        }, {
          "name" : "from-ipv4-belkincamera-3",
          "matches" : {
            "ietf-mud:mud" : {
              "controller" : "urn:ietf:params:mud:gateway"
            },
            "ipv4" : {
              "protocol" : 17
            },
            "udp" : {
              "destination-port" : {
                "operator" : "eq",
                "port" : 67
              }
            }
          },
          "actions" : {
            "forwarding" : "accept"
          }
        }, {
          "name" : "from-ipv4-belkincamera-4",
          "matches" : {
            "ietf-mud:mud" : {
              "local-networks" : [ null ]
            },
            "ipv4" : {
              "protocol" : 17,
              "destination-ipv4-network" : "239.255.255.250/32"
            },
            "udp" : {
              "destination-port" : {
                "operator" : "eq",
                "port" : 1900
              }
            }
          },
          "actions" : {
            "forwarding" : "accept"
          }
        }, {
          "name" : "from-ipv4-belkincamera-5",
          "matches" : {
            "ipv4" : {
              "protocol" : 6
            },
            "tcp" : {
              "destination-port" : {
                "operator" : "eq",
                "port" : 3478
              },
              "ietf-mud:direction-initiated" : "from-device"
            }
          },
          "actions" : {
            "forwarding" : "accept"
          }
        }, {
          "name" : "from-ipv4-belkincamera-6",
          "matches" : {
            "ietf-mud:mud" : {
              "controller" : "urn:ietf:params:mud:gateway"
            },
            "ipv4" : {
              "protocol" : 1
            },
            "icmp" : {
              "type" : 8,
              "code" : 0
            }
          },
          "actions" : {
            "forwarding" : "accept"
          }
        }, {
          "name" : "from-ipv4-belkincamera-7",
          "matches" : {
            "ipv4" : {
              "protocol" : 1,
              "ietf-acldns:dst-dnsname" : "ping.seedonk.com"
            },
            "icmp" : {
              "type" : 8,
              "code" : 0
            }
          },
          "actions" : {
            "forwarding" : "accept"
          }
        }, {
          "name" : "from-ipv4-belkincamera-8",
          "matches" : {
            "ipv4" : {
              "protocol" : 6,
              "ietf-acldns:dst-dnsname" : "prod1-nat-xbcs-net-1543133972.us-east-1.elb.amazonaws.com"
            },
            "tcp" : {
              "destination-port" : {
                "operator" : "eq",
                "port" : 3475
              },
              "ietf-mud:direction-initiated" : "from-device"
            }
          },
          "actions" : {
            "forwarding" : "accept"
          }
        }, {
          "name" : "from-ipv4-belkincamera-9",
          "matches" : {
            "ipv4" : {
              "protocol" : 6,
              "ietf-acldns:dst-dnsname" : "devices.xbcs.net"
            },
            "tcp" : {
              "destination-port" : {
                "operator" : "eq",
                "port" : 8899
              },
              "ietf-mud:direction-initiated" : "from-device"
            }
          },
          "actions" : {
            "forwarding" : "accept"
          }
        }, {
          "name" : "from-ipv4-belkincamera-10",
          "matches" : {
            "ietf-mud:mud" : {
              "local-networks" : [ null ]
            },
            "ipv4" : {
              "protocol" : 6
            },
            "tcp" : {
              "source-port" : {
                "operator" : "eq",
                "port" : 9207
              }
            }
          },
          "actions" : {
            "forwarding" : "accept"
          }
        }, {
          "name" : "from-ipv4-belkincamera-11",
          "matches" : {
            "ipv4" : {
              "protocol" : 17,
              "ietf-acldns:dst-dnsname" : "time.windows.com"
            },
            "udp" : {
              "destination-port" : {
                "operator" : "eq",
                "port" : 123
              }
            }
          },
          "actions" : {
            "forwarding" : "accept"
          }
        }, {
          "name" : "from-ipv4-belkincamera-12",
          "matches" : {
            "ietf-mud:mud" : {
              "local-networks" : [ null ]
            },
            "ipv4" : {
              "protocol" : 2,
              "destination-ipv4-network" : "239.255.255.250/32"
            }
          },
          "actions" : {
            "forwarding" : "accept"
          }
        }, {
          "name" : "from-ipv4-belkincamera-13",
          "matches" : {
            "ietf-mud:mud" : {
              "controller" : "urn:ietf:params:mud:dns"
            },
            "ipv4" : {
              "protocol" : 17
            },
            "udp" : {
              "destination-port" : {
                "operator" : "eq",
                "port" : 53
              }
            }
          },
          "actions" : {
            "forwarding" : "accept"
          }
        }, {
          "name" : "from-ipv4-belkincamera-14",
          "matches" : {
            "ipv4" : {
              "protocol" : 6,
              "ietf-acldns:dst-dnsname" : "origin.belkin-us.tendplatform.com"
            },
            "tcp" : {
              "destination-port" : {
                "operator" : "eq",
                "port" : 5104
              },
              "ietf-mud:direction-initiated" : "from-device"
            }
          },
          "actions" : {
            "forwarding" : "accept"
          }
        }, {
          "name" : "from-ipv4-belkincamera-15",
          "matches" : {
            "ietf-mud:mud" : {
              "local-networks" : [ null ]
            },
            "ipv4" : {
              "protocol" : 6
            },
            "tcp" : {
              "source-port" : {
                "operator" : "eq",
                "port" : 49154
              }
            }
          },
          "actions" : {
            "forwarding" : "accept"
          }
        }, {
          "name" : "from-ipv4-belkincamera-16",
          "matches" : {
            "ietf-mud:mud" : {
              "local-networks" : [ null ]
            },
            "ipv4" : {
              "protocol" : 17
            },
            "udp" : { }
          },
          "actions" : {
            "forwarding" : "accept"
          }
        }, {
          "name" : "from-ipv4-belkincamera-17",
          "matches" : {
            "ipv4" : {
              "protocol" : 6,
              "ietf-acldns:dst-dnsname" : "nat.xbcs.net"
            },
            "tcp" : {
              "destination-port" : {
                "operator" : "eq",
                "port" : 3475
              },
              "ietf-mud:direction-initiated" : "from-device"
            }
          },
          "actions" : {
            "forwarding" : "accept"
          }
        }, {
          "name" : "from-ipv4-belkincamera-18",
          "matches" : {
            "ietf-mud:mud" : {
              "local-networks" : [ null ]
            },
            "ipv4" : {
              "protocol" : 2,
              "destination-ipv4-network" : "224.0.0.2/32"
            }
          },
          "actions" : {
            "forwarding" : "accept"
          }
        }, {
          "name" : "from-ipv4-belkincamera-19",
          "matches" : {
            "ipv4" : {
              "protocol" : 1,
              "ietf-acldns:dst-dnsname" : "www.google.com"
            },
            "icmp" : {
              "type" : 8,
              "code" : 0
            }
          },
          "actions" : {
            "forwarding" : "accept"
          }
        }, {
          "name" : "from-ipv4-belkincamera-20",
          "matches" : {
            "ipv4" : {
              "protocol" : 17,
              "destination-ipv4-network" : "8.8.8.8/32"
            },
            "udp" : {
              "destination-port" : {
                "operator" : "eq",
                "port" : 53
              }
            }
          },
          "actions" : {
            "forwarding" : "accept"
          }
        }, {
          "name" : "from-ipv4-belkincamera-21",
          "matches" : {
            "ietf-mud:mud" : {
              "local-networks" : [ null ]
            },
            "ipv4" : {
              "protocol" : 6
            },
            "tcp" : {
              "source-port" : {
                "operator" : "eq",
                "port" : 49153
              }
            }
          },
          "actions" : {
            "forwarding" : "accept"
          }
        } ]
      }
    }, {
      "name" : "to-ipv4-belkincamera",
      "type" : "ipv4-acl-type",
      "aces" : {
        "ace" : [ {
          "name" : "to-ipv4-belkincamera-0",
          "matches" : {
            "ipv4" : {
              "protocol" : 1,
              "ietf-acldns:src-dnsname" : "ping.seedonk.com"
            },
            "icmp" : {
              "type" : 0,
              "code" : 0
            }
          },
          "actions" : {
            "forwarding" : "accept"
          }
        }, {
          "name" : "to-ipv4-belkincamera-1",
          "matches" : {
            "ietf-mud:mud" : {
              "controller" : "urn:ietf:params:mud:gateway"
            },
            "ipv4" : {
              "protocol" : 1
            },
            "icmp" : {
              "type" : 0,
              "code" : 0
            }
          },
          "actions" : {
            "forwarding" : "accept"
          }
        }, {
          "name" : "to-ipv4-belkincamera-2",
          "matches" : {
            "ipv4" : {
              "protocol" : 6,
              "ietf-acldns:src-dnsname" : "origin.belkin-us.tendplatform.com"
            },
            "tcp" : {
              "source-port" : {
                "operator" : "eq",
                "port" : 443
              }
            }
          },
          "actions" : {
            "forwarding" : "accept"
          }
        }, {
          "name" : "to-ipv4-belkincamera-3",
          "matches" : {
            "ietf-mud:mud" : {
              "controller" : "urn:ietf:params:mud:dns"
            },
            "ipv4" : {
              "protocol" : 17
            },
            "udp" : {
              "source-port" : {
                "operator" : "eq",
                "port" : 53
              }
            }
          },
          "actions" : {
            "forwarding" : "accept"
          }
        }, {
          "name" : "to-ipv4-belkincamera-4",
          "matches" : {
            "ipv4" : {
              "protocol" : 6,
              "ietf-acldns:src-dnsname" : "origin.belkin-us.tendplatform.com"
            },
            "tcp" : {
              "source-port" : {
                "operator" : "eq",
                "port" : 5104
              }
            }
          },
          "actions" : {
            "forwarding" : "accept"
          }
        }, {
          "name" : "to-ipv4-belkincamera-5",
          "matches" : {
            "ietf-mud:mud" : {
              "local-networks" : [ null ]
            },
            "ipv4" : {
              "protocol" : 6
            },
            "tcp" : {
              "destination-port" : {
                "operator" : "eq",
                "port" : 49153
              },
              "ietf-mud:direction-initiated" : "to-device"
            }
          },
          "actions" : {
            "forwarding" : "accept"
          }
        }, {
          "name" : "to-ipv4-belkincamera-6",
          "matches" : {
            "ipv4" : {
              "protocol" : 6,
              "ietf-acldns:src-dnsname" : "devices.xbcs.net"
            },
            "tcp" : {
              "source-port" : {
                "operator" : "eq",
                "port" : 8899
              }
            }
          },
          "actions" : {
            "forwarding" : "accept"
          }
        }, {
          "name" : "to-ipv4-belkincamera-7",
          "matches" : {
            "ietf-mud:mud" : {
              "local-networks" : [ null ]
            },
            "ipv4" : {
              "protocol" : 6
            },
            "tcp" : {
              "destination-port" : {
                "operator" : "eq",
                "port" : 9207
              },
              "ietf-mud:direction-initiated" : "to-device"
            }
          },
          "actions" : {
            "forwarding" : "accept"
          }
        }, {
          "name" : "to-ipv4-belkincamera-8",
          "matches" : {
            "ipv4" : {
              "protocol" : 17,
              "ietf-acldns:src-dnsname" : "time.windows.com"
            },
            "udp" : {
              "source-port" : {
                "operator" : "eq",
                "port" : 123
              }
            }
          },
          "actions" : {
            "forwarding" : "accept"
          }
        }, {
          "name" : "to-ipv4-belkincamera-9",
          "matches" : {
            "ietf-mud:mud" : {
              "local-networks" : [ null ]
            },
            "ipv4" : {
              "protocol" : 6
            },
            "tcp" : {
              "destination-port" : {
                "operator" : "eq",
                "port" : 49154
              },
              "ietf-mud:direction-initiated" : "to-device"
            }
          },
          "actions" : {
            "forwarding" : "accept"
          }
        }, {
          "name" : "to-ipv4-belkincamera-10",
          "matches" : {
            "ietf-mud:mud" : {
              "local-networks" : [ null ]
            },
            "ipv4" : {
              "protocol" : 17
            },
            "udp" : { }
          },
          "actions" : {
            "forwarding" : "accept"
          }
        }, {
          "name" : "to-ipv4-belkincamera-11",
          "matches" : {
            "ipv4" : {
              "protocol" : 1,
              "ietf-acldns:src-dnsname" : "www.google.com"
            },
            "icmp" : {
              "type" : 0,
              "code" : 0
            }
          },
          "actions" : {
            "forwarding" : "accept"
          }
        }, {
          "name" : "to-ipv4-belkincamera-12",
          "matches" : {
            "ietf-mud:mud" : {
              "controller" : "urn:ietf:params:mud:gateway"
            },
            "ipv4" : {
              "protocol" : 17
            },
            "udp" : {
              "source-port" : {
                "operator" : "eq",
                "port" : 67
              }
            }
          },
          "actions" : {
            "forwarding" : "accept"
          }
        }, {
          "name" : "to-ipv4-belkincamera-13",
          "matches" : {
            "ipv4" : {
              "protocol" : 6
            },
            "tcp" : {
              "source-port" : {
                "operator" : "eq",
                "port" : 5104
              }
            }
          },
          "actions" : {
            "forwarding" : "accept"
          }
        }, {
          "name" : "to-ipv4-belkincamera-14",
          "matches" : {
            "ipv4" : {
              "protocol" : 17,
              "source-ipv4-network" : "8.8.8.8/32"
            },
            "udp" : {
              "source-port" : {
                "operator" : "eq",
                "port" : 53
              }
            }
          },
          "actions" : {
            "forwarding" : "accept"
          }
        }, {
          "name" : "to-ipv4-belkincamera-15",
          "matches" : {
            "ipv4" : {
              "protocol" : 6,
              "ietf-acldns:src-dnsname" : "prod1-nat-xbcs-net-1543133972.us-east-1.elb.amazonaws.com"
            },
            "tcp" : {
              "source-port" : {
                "operator" : "eq",
                "port" : 3475
              }
            }
          },
          "actions" : {
            "forwarding" : "accept"
          }
        }, {
          "name" : "to-ipv4-belkincamera-16",
          "matches" : {
            "ipv4" : {
              "protocol" : 6
            },
            "tcp" : {
              "source-port" : {
                "operator" : "eq",
                "port" : 3478
              }
            }
          },
          "actions" : {
            "forwarding" : "accept"
          }
        }, {
          "name" : "to-ipv4-belkincamera-17",
          "matches" : {
            "ipv4" : {
              "protocol" : 6,
              "ietf-acldns:src-dnsname" : "nat.xbcs.net"
            },
            "tcp" : {
              "source-port" : {
                "operator" : "eq",
                "port" : 3475
              }
            }
          },
          "actions" : {
            "forwarding" : "accept"
          }
        }, {
          "name" : "to-ipv4-belkincamera-18",
          "matches" : {
            "ipv4" : {
              "protocol" : 6,
              "ietf-acldns:src-dnsname" : "api.xbcs.net"
            },
            "tcp" : {
              "source-port" : {
                "operator" : "eq",
                "port" : 8443
              }
            }
          },
          "actions" : {
            "forwarding" : "accept"
          }
        } ]
      }
    }, {
      "name" : "from-ethernet-belkincamera",
      "type" : "ethernet-acl-type",
      "aces" : {
        "ace" : [ {
          "name" : "from-ethernet-belkincamera-0",
          "matches" : {
            "ietf-mud:mud" : {
              "local-networks" : [ null ]
            },
            "eth" : {
              "ethertype" : "0x888e"
            }
          },
          "actions" : {
            "forwarding" : "accept"
          }
        }, {
          "name" : "from-ethernet-belkincamera-1",
          "matches" : {
            "ietf-mud:mud" : {
              "local-networks" : [ null ]
            },
            "eth" : {
              "ethertype" : "0x0006"
            }
          },
          "actions" : {
            "forwarding" : "accept"
          }
        } ]
      }
    } ]
  }
}