{
  "ietf-mud:mud" : {
    "mud-version" : 1,
    "mud-url" : "https://nestsmokesensor.com/nestsmokesensor",
    "last-update" : "2018-09-30T17:48:49.751+10:00",
    "cache-validity" : 100,
    "is-supported" : true,
    "systeminfo" : "nestsmokesensor",
    "from-device-policy" : {
      "access-lists" : {
        "access-list" : [ {
          "name" : "from-ipv4-nestsmokesensor"
        }, {
          "name" : "from-ipv6-nestsmokesensor"
        }, {
          "name" : "from-ethernet-nestsmokesensor"
        } ]
      }
    },
    "to-device-policy" : {
      "access-lists" : {
        "access-list" : [ {
          "name" : "to-ipv4-nestsmokesensor"
        } ]
      }
    }
  },
  "ietf-access-control-list:access-lists" : {
    "acl" : [ {
      "name" : "from-ipv4-nestsmokesensor",
      "type" : "ipv4-acl-type",
      "aces" : {
        "ace" : [ {
          "name" : "from-ipv4-nestsmokesensor-0",
          "matches" : {
            "ipv4" : {
              "protocol" : 6,
              "ietf-acldns:dst-dnsname" : "czfe22.front01.iad01.production.nest.com"
            },
            "tcp" : {
              "destination-port" : {
                "operator" : "eq",
                "port" : 11095
              },
              "ietf-mud:direction-initiated" : "from-device"
            }
          },
          "actions" : {
            "forwarding" : "accept"
          }
        }, {
          "name" : "from-ipv4-nestsmokesensor-1",
          "matches" : {
            "ipv4" : {
              "protocol" : 6,
              "ietf-acldns:dst-dnsname" : "czfe89.front01.iad01.production.nest.com"
            },
            "tcp" : {
              "destination-port" : {
                "operator" : "eq",
                "port" : 11095
              },
              "ietf-mud:direction-initiated" : "from-device"
            }
          },
          "actions" : {
            "forwarding" : "accept"
          }
        }, {
          "name" : "from-ipv4-nestsmokesensor-2",
          "matches" : {
            "ietf-mud:mud" : {
              "local-networks" : [ null ]
            },
            "ipv4" : {
              "protocol" : 17,
              "destination-ipv4-network" : "255.255.255.255/32"
            },
            "udp" : {
              "destination-port" : {
                "operator" : "eq",
                "port" : 67
              }
            },
            "eth" : {
              "destination-mac-address" : "ff:ff:ff:ff:ff:ff",
              "ethertype" : "0x0800"
            }
          },
          "actions" : {
            "forwarding" : "accept"
          }
        }, {
          "name" : "from-ipv4-nestsmokesensor-3",
          "matches" : {
            "ipv4" : {
              "protocol" : 6,
              "ietf-acldns:dst-dnsname" : "czfe14.front01.iad01.production.nest.com"
            },
            "tcp" : {
              "destination-port" : {
                "operator" : "eq",
                "port" : 11095
              },
              "ietf-mud:direction-initiated" : "from-device"
            }
          },
          "actions" : {
            "forwarding" : "accept"
          }
        }, {
          "name" : "from-ipv4-nestsmokesensor-4",
          "matches" : {
            "ipv4" : {
              "protocol" : 6,
              "ietf-acldns:dst-dnsname" : "czfe100.front01.iad01.production.nest.com"
            },
            "tcp" : {
              "destination-port" : {
                "operator" : "eq",
                "port" : 11095
              },
              "ietf-mud:direction-initiated" : "from-device"
            }
          },
          "actions" : {
            "forwarding" : "accept"
          }
        }, {
          "name" : "from-ipv4-nestsmokesensor-5",
          "matches" : {
            "ipv4" : {
              "protocol" : 6,
              "ietf-acldns:dst-dnsname" : "czfe32.front01.iad01.production.nest.com"
            },
            "tcp" : {
              "destination-port" : {
                "operator" : "eq",
                "port" : 11095
              },
              "ietf-mud:direction-initiated" : "from-device"
            }
          },
          "actions" : {
            "forwarding" : "accept"
          }
        }, {
          "name" : "from-ipv4-nestsmokesensor-6",
          "matches" : {
            "ipv4" : {
              "protocol" : 6,
              "ietf-acldns:dst-dnsname" : "czfe04.front01.iad01.production.nest.com"
            },
            "tcp" : {
              "destination-port" : {
                "operator" : "eq",
                "port" : 11095
              },
              "ietf-mud:direction-initiated" : "from-device"
            }
          },
          "actions" : {
            "forwarding" : "accept"
          }
        }, {
          "name" : "from-ipv4-nestsmokesensor-7",
          "matches" : {
            "ipv4" : {
              "protocol" : 6,
              "ietf-acldns:dst-dnsname" : "czfe41.front01.iad01.production.nest.com"
            },
            "tcp" : {
              "destination-port" : {
                "operator" : "eq",
                "port" : 11095
              },
              "ietf-mud:direction-initiated" : "from-device"
            }
          },
          "actions" : {
            "forwarding" : "accept"
          }
        }, {
          "name" : "from-ipv4-nestsmokesensor-8",
          "matches" : {
            "ipv4" : {
              "protocol" : 6,
              "ietf-acldns:dst-dnsname" : "frontdoor.nest.com"
            },
            "tcp" : {
              "destination-port" : {
                "operator" : "eq",
                "port" : 11095
              },
              "ietf-mud:direction-initiated" : "from-device"
            }
          },
          "actions" : {
            "forwarding" : "accept"
          }
        }, {
          "name" : "from-ipv4-nestsmokesensor-9",
          "matches" : {
            "ipv4" : {
              "protocol" : 6,
              "ietf-acldns:dst-dnsname" : "czfe50.front01.iad01.production.nest.com"
            },
            "tcp" : {
              "destination-port" : {
                "operator" : "eq",
                "port" : 11095
              },
              "ietf-mud:direction-initiated" : "from-device"
            }
          },
          "actions" : {
            "forwarding" : "accept"
          }
        }, {
          "name" : "from-ipv4-nestsmokesensor-10",
          "matches" : {
            "ipv4" : {
              "protocol" : 6,
              "ietf-acldns:dst-dnsname" : "czfe03.front01.iad01.production.nest.com"
            },
            "tcp" : {
              "destination-port" : {
                "operator" : "eq",
                "port" : 11095
              },
              "ietf-mud:direction-initiated" : "from-device"
            }
          },
          "actions" : {
            "forwarding" : "accept"
          }
        }, {
          "name" : "from-ipv4-nestsmokesensor-11",
          "matches" : {
            "ietf-mud:mud" : {
              "controller" : "urn:ietf:params:mud:dns"
            },
            "ipv4" : {
              "protocol" : 17
            },
            "udp" : {
              "destination-port" : {
                "operator" : "eq",
                "port" : 53
              }
            }
          },
          "actions" : {
            "forwarding" : "accept"
          }
        }, {
          "name" : "from-ipv4-nestsmokesensor-12",
          "matches" : {
            "ipv4" : {
              "protocol" : 6,
              "ietf-acldns:dst-dnsname" : "czfe11.front01.iad01.production.nest.com"
            },
            "tcp" : {
              "destination-port" : {
                "operator" : "eq",
                "port" : 11095
              },
              "ietf-mud:direction-initiated" : "from-device"
            }
          },
          "actions" : {
            "forwarding" : "accept"
          }
        }, {
          "name" : "from-ipv4-nestsmokesensor-13",
          "matches" : {
            "ipv4" : {
              "protocol" : 6,
              "ietf-acldns:dst-dnsname" : "czfe21.front01.iad01.production.nest.com"
            },
            "tcp" : {
              "destination-port" : {
                "operator" : "eq",
                "port" : 11095
              },
              "ietf-mud:direction-initiated" : "from-device"
            }
          },
          "actions" : {
            "forwarding" : "accept"
          }
        }, {
          "name" : "from-ipv4-nestsmokesensor-14",
          "matches" : {
            "ipv4" : {
              "protocol" : 6,
              "ietf-acldns:dst-dnsname" : "czfe30.front01.iad01.production.nest.com"
            },
            "tcp" : {
              "destination-port" : {
                "operator" : "eq",
                "port" : 11095
              },
              "ietf-mud:direction-initiated" : "from-device"
            }
          },
          "actions" : {
            "forwarding" : "accept"
          }
        }, {
          "name" : "from-ipv4-nestsmokesensor-15",
          "matches" : {
            "ipv4" : {
              "protocol" : 6,
              "ietf-acldns:dst-dnsname" : "czfe79.front01.iad01.production.nest.com"
            },
            "tcp" : {
              "destination-port" : {
                "operator" : "eq",
                "port" : 11095
              },
              "ietf-mud:direction-initiated" : "from-device"
            }
          },
          "actions" : {
            "forwarding" : "accept"
          }
        }, {
          "name" : "from-ipv4-nestsmokesensor-16",
          "matches" : {
            "ipv4" : {
              "protocol" : 6,
              "ietf-acldns:dst-dnsname" : "czfe17.front01.iad01.production.nest.com"
            },
            "tcp" : {
              "destination-port" : {
                "operator" : "eq",
                "port" : 11095
              },
              "ietf-mud:direction-initiated" : "from-device"
            }
          },
          "actions" : {
            "forwarding" : "accept"
          }
        }, {
          "name" : "from-ipv4-nestsmokesensor-17",
          "matches" : {
            "ipv4" : {
              "protocol" : 6,
              "ietf-acldns:dst-dnsname" : "czfe16.front01.iad01.production.nest.com"
            },
            "tcp" : {
              "destination-port" : {
                "operator" : "eq",
                "port" : 11095
              },
              "ietf-mud:direction-initiated" : "from-device"
            }
          },
          "actions" : {
            "forwarding" : "accept"
          }
        }, {
          "name" : "from-ipv4-nestsmokesensor-18",
          "matches" : {
            "ipv4" : {
              "protocol" : 6,
              "ietf-acldns:dst-dnsname" : "czfe53.front01.iad01.production.nest.com"
            },
            "tcp" : {
              "destination-port" : {
                "operator" : "eq",
                "port" : 11095
              },
              "ietf-mud:direction-initiated" : "from-device"
            }
          },
          "actions" : {
            "forwarding" : "accept"
          }
        }, {
          "name" : "from-ipv4-nestsmokesensor-19",
          "matches" : {
            "ipv4" : {
              "protocol" : 6,
              "ietf-acldns:dst-dnsname" : "czfe109.front01.iad01.production.nest.com"
            },
            "tcp" : {
              "destination-port" : {
                "operator" : "eq",
                "port" : 11095
              },
              "ietf-mud:direction-initiated" : "from-device"
            }
          },
          "actions" : {
            "forwarding" : "accept"
          }
        }, {
          "name" : "from-ipv4-nestsmokesensor-20",
          "matches" : {
            "ipv4" : {
              "protocol" : 6,
              "ietf-acldns:dst-dnsname" : "czfe71.front01.iad01.production.nest.com"
            },
            "tcp" : {
              "destination-port" : {
                "operator" : "eq",
                "port" : 11095
              },
              "ietf-mud:direction-initiated" : "from-device"
            }
          },
          "actions" : {
            "forwarding" : "accept"
          }
        }, {
          "name" : "from-ipv4-nestsmokesensor-21",
          "matches" : {
            "ipv4" : {
              "protocol" : 6,
              "ietf-acldns:dst-dnsname" : "czfe84.front01.iad01.production.nest.com"
            },
            "tcp" : {
              "destination-port" : {
                "operator" : "eq",
                "port" : 11095
              },
              "ietf-mud:direction-initiated" : "from-device"
            }
          },
          "actions" : {
            "forwarding" : "accept"
          }
        }, {
          "name" : "from-ipv4-nestsmokesensor-22",
          "matches" : {
            "ipv4" : {
              "protocol" : 6,
              "ietf-acldns:dst-dnsname" : "czfe108.front01.iad01.production.nest.com"
            },
            "tcp" : {
              "destination-port" : {
                "operator" : "eq",
                "port" : 11095
              },
              "ietf-mud:direction-initiated" : "from-device"
            }
          },
          "actions" : {
            "forwarding" : "accept"
          }
        }, {
          "name" : "from-ipv4-nestsmokesensor-23",
          "matches" : {
            "ipv4" : {
              "protocol" : 6,
              "ietf-acldns:dst-dnsname" : "czfe49.front01.iad01.production.nest.com"
            },
            "tcp" : {
              "destination-port" : {
                "operator" : "eq",
                "port" : 11095
              },
              "ietf-mud:direction-initiated" : "from-device"
            }
          },
          "actions" : {
            "forwarding" : "accept"
          }
        }, {
          "name" : "from-ipv4-nestsmokesensor-24",
          "matches" : {
            "ipv4" : {
              "protocol" : 6,
              "ietf-acldns:dst-dnsname" : "czfe66.front01.iad01.production.nest.com"
            },
            "tcp" : {
              "destination-port" : {
                "operator" : "eq",
                "port" : 11095
              },
              "ietf-mud:direction-initiated" : "from-device"
            }
          },
          "actions" : {
            "forwarding" : "accept"
          }
        }, {
          "name" : "from-ipv4-nestsmokesensor-25",
          "matches" : {
            "ipv4" : {
              "protocol" : 6,
              "ietf-acldns:dst-dnsname" : "czfe67.front01.iad01.production.nest.com"
            },
            "tcp" : {
              "destination-port" : {
                "operator" : "eq",
                "port" : 11095
              },
              "ietf-mud:direction-initiated" : "from-device"
            }
          },
          "actions" : {
            "forwarding" : "accept"
          }
        }, {
          "name" : "from-ipv4-nestsmokesensor-26",
          "matches" : {
            "ipv4" : {
              "protocol" : 6,
              "ietf-acldns:dst-dnsname" : "czfe48.front01.iad01.production.nest.com"
            },
            "tcp" : {
              "destination-port" : {
                "operator" : "eq",
                "port" : 11095
              },
              "ietf-mud:direction-initiated" : "from-device"
            }
          },
          "actions" : {
            "forwarding" : "accept"
          }
        }, {
          "name" : "from-ipv4-nestsmokesensor-27",
          "matches" : {
            "ipv4" : {
              "protocol" : 6,
              "ietf-acldns:dst-dnsname" : "czfe70.front01.iad01.production.nest.com"
            },
            "tcp" : {
              "destination-port" : {
                "operator" : "eq",
                "port" : 11095
              },
              "ietf-mud:direction-initiated" : "from-device"
            }
          },
          "actions" : {
            "forwarding" : "accept"
          }
        }, {
          "name" : "from-ipv4-nestsmokesensor-28",
          "matches" : {
            "ipv4" : {
              "protocol" : 6,
              "ietf-acldns:dst-dnsname" : "czfe33.front01.iad01.production.nest.com"
            },
            "tcp" : {
              "destination-port" : {
                "operator" : "eq",
                "port" : 11095
              },
              "ietf-mud:direction-initiated" : "from-device"
            }
          },
          "actions" : {
            "forwarding" : "accept"
          }
        }, {
          "name" : "from-ipv4-nestsmokesensor-29",
          "matches" : {
            "ipv4" : {
              "protocol" : 6,
              "ietf-acldns:dst-dnsname" : "weave-logsink.nest.com"
            },
            "tcp" : {
              "destination-port" : {
                "operator" : "eq",
                "port" : 11095
              },
              "ietf-mud:direction-initiated" : "from-device"
            }
          },
          "actions" : {
            "forwarding" : "accept"
          }
        }, {
          "name" : "from-ipv4-nestsmokesensor-30",
          "matches" : {
            "ipv4" : {
              "protocol" : 6,
              "ietf-acldns:dst-dnsname" : "czfe91.front01.iad01.production.nest.com"
            },
            "tcp" : {
              "destination-port" : {
                "operator" : "eq",
                "port" : 11095
              },
              "ietf-mud:direction-initiated" : "from-device"
            }
          },
          "actions" : {
            "forwarding" : "accept"
          }
        }, {
          "name" : "from-ipv4-nestsmokesensor-31",
          "matches" : {
            "ipv4" : {
              "protocol" : 6,
              "ietf-acldns:dst-dnsname" : "czfe116.front01.iad01.production.nest.com"
            },
            "tcp" : {
              "destination-port" : {
                "operator" : "eq",
                "port" : 11095
              },
              "ietf-mud:direction-initiated" : "from-device"
            }
          },
          "actions" : {
            "forwarding" : "accept"
          }
        }, {
          "name" : "from-ipv4-nestsmokesensor-32",
          "matches" : {
            "ipv4" : {
              "protocol" : 6,
              "ietf-acldns:dst-dnsname" : "czfe56.front01.iad01.production.nest.com"
            },
            "tcp" : {
              "destination-port" : {
                "operator" : "eq",
                "port" : 11095
              },
              "ietf-mud:direction-initiated" : "from-device"
            }
          },
          "actions" : {
            "forwarding" : "accept"
          }
        }, {
          "name" : "from-ipv4-nestsmokesensor-33",
          "matches" : {
            "ipv4" : {
              "protocol" : 6,
              "ietf-acldns:dst-dnsname" : "czfe113.front01.iad01.production.nest.com"
            },
            "tcp" : {
              "destination-port" : {
                "operator" : "eq",
                "port" : 11095
              },
              "ietf-mud:direction-initiated" : "from-device"
            }
          },
          "actions" : {
            "forwarding" : "accept"
          }
        }, {
          "name" : "from-ipv4-nestsmokesensor-34",
          "matches" : {
            "ipv4" : {
              "protocol" : 6,
              "ietf-acldns:dst-dnsname" : "czfe105.front01.iad01.production.nest.com"
            },
            "tcp" : {
              "destination-port" : {
                "operator" : "eq",
                "port" : 11095
              },
              "ietf-mud:direction-initiated" : "from-device"
            }
          },
          "actions" : {
            "forwarding" : "accept"
          }
        }, {
          "name" : "from-ipv4-nestsmokesensor-35",
          "matches" : {
            "ipv4" : {
              "protocol" : 6,
              "ietf-acldns:dst-dnsname" : "czfe104.front01.iad01.production.nest.com"
            },
            "tcp" : {
              "destination-port" : {
                "operator" : "eq",
                "port" : 11095
              },
              "ietf-mud:direction-initiated" : "from-device"
            }
          },
          "actions" : {
            "forwarding" : "accept"
          }
        }, {
          "name" : "from-ipv4-nestsmokesensor-36",
          "matches" : {
            "ipv4" : {
              "protocol" : 6,
              "ietf-acldns:dst-dnsname" : "czfe36.front01.iad01.production.nest.com"
            },
            "tcp" : {
              "destination-port" : {
                "operator" : "eq",
                "port" : 11095
              },
              "ietf-mud:direction-initiated" : "from-device"
            }
          },
          "actions" : {
            "forwarding" : "accept"
          }
        }, {
          "name" : "from-ipv4-nestsmokesensor-37",
          "matches" : {
            "ipv4" : {
              "protocol" : 6,
              "ietf-acldns:dst-dnsname" : "czfe73.front01.iad01.production.nest.com"
            },
            "tcp" : {
              "destination-port" : {
                "operator" : "eq",
                "port" : 11095
              },
              "ietf-mud:direction-initiated" : "from-device"
            }
          },
          "actions" : {
            "forwarding" : "accept"
          }
        }, {
          "name" : "from-ipv4-nestsmokesensor-38",
          "matches" : {
            "ipv4" : {
              "protocol" : 6,
              "ietf-acldns:dst-dnsname" : "czfe119.front01.iad01.production.nest.com"
            },
            "tcp" : {
              "destination-port" : {
                "operator" : "eq",
                "port" : 11095
              },
              "ietf-mud:direction-initiated" : "from-device"
            }
          },
          "actions" : {
            "forwarding" : "accept"
          }
        }, {
          "name" : "from-ipv4-nestsmokesensor-39",
          "matches" : {
            "ietf-mud:mud" : {
              "local-networks" : [ null ]
            },
            "ipv4" : {
              "protocol" : 17
            },
            "udp" : {
              "destination-port" : {
                "operator" : "eq",
                "port" : 67
              }
            },
            "eth" : {
              "destination-mac-address" : "ff:ff:ff:ff:ff:ff",
              "ethertype" : "0x0800"
            }
          },
          "actions" : {
            "forwarding" : "accept"
          }
        }, {
          "name" : "from-ipv4-nestsmokesensor-40",
          "matches" : {
            "ipv4" : {
              "protocol" : 6,
              "ietf-acldns:dst-dnsname" : "czfe95.front01.iad01.production.nest.com"
            },
            "tcp" : {
              "destination-port" : {
                "operator" : "eq",
                "port" : 11095
              },
              "ietf-mud:direction-initiated" : "from-device"
            }
          },
          "actions" : {
            "forwarding" : "accept"
          }
        }, {
          "name" : "from-ipv4-nestsmokesensor-41",
          "matches" : {
            "ipv4" : {
              "protocol" : 6,
              "ietf-acldns:dst-dnsname" : "czfe60.front01.iad01.production.nest.com"
            },
            "tcp" : {
              "destination-port" : {
                "operator" : "eq",
                "port" : 11095
              },
              "ietf-mud:direction-initiated" : "from-device"
            }
          },
          "actions" : {
            "forwarding" : "accept"
          }
        }, {
          "name" : "from-ipv4-nestsmokesensor-42",
          "matches" : {
            "ipv4" : {
              "protocol" : 6,
              "ietf-acldns:dst-dnsname" : "czfe43.front01.iad01.production.nest.com"
            },
            "tcp" : {
              "destination-port" : {
                "operator" : "eq",
                "port" : 11095
              },
              "ietf-mud:direction-initiated" : "from-device"
            }
          },
          "actions" : {
            "forwarding" : "accept"
          }
        }, {
          "name" : "from-ipv4-nestsmokesensor-43",
          "matches" : {
            "ipv4" : {
              "protocol" : 6,
              "ietf-acldns:dst-dnsname" : "czfe118.front01.iad01.production.nest.com"
            },
            "tcp" : {
              "destination-port" : {
                "operator" : "eq",
                "port" : 11095
              },
              "ietf-mud:direction-initiated" : "from-device"
            }
          },
          "actions" : {
            "forwarding" : "accept"
          }
        }, {
          "name" : "from-ipv4-nestsmokesensor-44",
          "matches" : {
            "ipv4" : {
              "protocol" : 6,
              "ietf-acldns:dst-dnsname" : "czfe93.front01.iad01.production.nest.com"
            },
            "tcp" : {
              "destination-port" : {
                "operator" : "eq",
                "port" : 11095
              },
              "ietf-mud:direction-initiated" : "from-device"
            }
          },
          "actions" : {
            "forwarding" : "accept"
          }
        }, {
          "name" : "from-ipv4-nestsmokesensor-45",
          "matches" : {
            "ipv4" : {
              "protocol" : 6,
              "ietf-acldns:dst-dnsname" : "czfe06.front01.iad01.production.nest.com"
            },
            "tcp" : {
              "destination-port" : {
                "operator" : "eq",
                "port" : 11095
              },
              "ietf-mud:direction-initiated" : "from-device"
            }
          },
          "actions" : {
            "forwarding" : "accept"
          }
        }, {
          "name" : "from-ipv4-nestsmokesensor-46",
          "matches" : {
            "ipv4" : {
              "protocol" : 6,
              "ietf-acldns:dst-dnsname" : "czfe117.front01.iad01.production.nest.com"
            },
            "tcp" : {
              "destination-port" : {
                "operator" : "eq",
                "port" : 11095
              },
              "ietf-mud:direction-initiated" : "from-device"
            }
          },
          "actions" : {
            "forwarding" : "accept"
          }
        }, {
          "name" : "from-ipv4-nestsmokesensor-47",
          "matches" : {
            "ipv4" : {
              "protocol" : 6,
              "ietf-acldns:dst-dnsname" : "czfe58.front01.iad01.production.nest.com"
            },
            "tcp" : {
              "destination-port" : {
                "operator" : "eq",
                "port" : 11095
              },
              "ietf-mud:direction-initiated" : "from-device"
            }
          },
          "actions" : {
            "forwarding" : "accept"
          }
        }, {
          "name" : "from-ipv4-nestsmokesensor-48",
          "matches" : {
            "ipv4" : {
              "protocol" : 6,
              "ietf-acldns:dst-dnsname" : "czfe42.front01.iad01.production.nest.com"
            },
            "tcp" : {
              "destination-port" : {
                "operator" : "eq",
                "port" : 11095
              },
              "ietf-mud:direction-initiated" : "from-device"
            }
          },
          "actions" : {
            "forwarding" : "accept"
          }
        }, {
          "name" : "from-ipv4-nestsmokesensor-49",
          "matches" : {
            "ipv4" : {
              "protocol" : 6,
              "ietf-acldns:dst-dnsname" : "czfe94.front01.iad01.production.nest.com"
            },
            "tcp" : {
              "destination-port" : {
                "operator" : "eq",
                "port" : 11095
              },
              "ietf-mud:direction-initiated" : "from-device"
            }
          },
          "actions" : {
            "forwarding" : "accept"
          }
        } ]
      }
    }, {
      "name" : "to-ipv4-nestsmokesensor",
      "type" : "ipv4-acl-type",
      "aces" : {
        "ace" : [ {
          "name" : "to-ipv4-nestsmokesensor-0",
          "matches" : {
            "ipv4" : {
              "protocol" : 6,
              "ietf-acldns:src-dnsname" : "czfe91.front01.iad01.production.nest.com"
            },
            "tcp" : {
              "source-port" : {
                "operator" : "eq",
                "port" : 11095
              }
            }
          },
          "actions" : {
            "forwarding" : "accept"
          }
        }, {
          "name" : "to-ipv4-nestsmokesensor-1",
          "matches" : {
            "ipv4" : {
              "protocol" : 6,
              "ietf-acldns:src-dnsname" : "weave-logsink.nest.com"
            },
            "tcp" : {
              "source-port" : {
                "operator" : "eq",
                "port" : 11095
              }
            }
          },
          "actions" : {
            "forwarding" : "accept"
          }
        }, {
          "name" : "to-ipv4-nestsmokesensor-2",
          "matches" : {
            "ipv4" : {
              "protocol" : 6,
              "ietf-acldns:src-dnsname" : "czfe22.front01.iad01.production.nest.com"
            },
            "tcp" : {
              "source-port" : {
                "operator" : "eq",
                "port" : 11095
              }
            }
          },
          "actions" : {
            "forwarding" : "accept"
          }
        }, {
          "name" : "to-ipv4-nestsmokesensor-3",
          "matches" : {
            "ipv4" : {
              "protocol" : 6,
              "ietf-acldns:src-dnsname" : "czfe32.front01.iad01.production.nest.com"
            },
            "tcp" : {
              "source-port" : {
                "operator" : "eq",
                "port" : 11095
              }
            }
          },
          "actions" : {
            "forwarding" : "accept"
          }
        }, {
          "name" : "to-ipv4-nestsmokesensor-4",
          "matches" : {
            "ipv4" : {
              "protocol" : 6,
              "ietf-acldns:src-dnsname" : "czfe14.front01.iad01.production.nest.com"
            },
            "tcp" : {
              "source-port" : {
                "operator" : "eq",
                "port" : 11095
              }
            }
          },
          "actions" : {
            "forwarding" : "accept"
          }
        }, {
          "name" : "to-ipv4-nestsmokesensor-5",
          "matches" : {
            "ipv4" : {
              "protocol" : 6,
              "ietf-acldns:src-dnsname" : "czfe113.front01.iad01.production.nest.com"
            },
            "tcp" : {
              "source-port" : {
                "operator" : "eq",
                "port" : 11095
              }
            }
          },
          "actions" : {
            "forwarding" : "accept"
          }
        }, {
          "name" : "to-ipv4-nestsmokesensor-6",
          "matches" : {
            "ietf-mud:mud" : {
              "controller" : "urn:ietf:params:mud:gateway"
            },
            "ipv4" : {
              "protocol" : 17
            },
            "udp" : {
              "source-port" : {
                "operator" : "eq",
                "port" : 67
              }
            }
          },
          "actions" : {
            "forwarding" : "accept"
          }
        }, {
          "name" : "to-ipv4-nestsmokesensor-7",
          "matches" : {
            "ipv4" : {
              "protocol" : 6,
              "ietf-acldns:src-dnsname" : "czfe36.front01.iad01.production.nest.com"
            },
            "tcp" : {
              "source-port" : {
                "operator" : "eq",
                "port" : 11095
              }
            }
          },
          "actions" : {
            "forwarding" : "accept"
          }
        }, {
          "name" : "to-ipv4-nestsmokesensor-8",
          "matches" : {
            "ipv4" : {
              "protocol" : 6,
              "ietf-acldns:src-dnsname" : "czfe04.front01.iad01.production.nest.com"
            },
            "tcp" : {
              "source-port" : {
                "operator" : "eq",
                "port" : 11095
              }
            }
          },
          "actions" : {
            "forwarding" : "accept"
          }
        }, {
          "name" : "to-ipv4-nestsmokesensor-9",
          "matches" : {
            "ipv4" : {
              "protocol" : 6,
              "ietf-acldns:src-dnsname" : "czfe108.front01.iad01.production.nest.com"
            },
            "tcp" : {
              "source-port" : {
                "operator" : "eq",
                "port" : 11095
              }
            }
          },
          "actions" : {
            "forwarding" : "accept"
          }
        }, {
          "name" : "to-ipv4-nestsmokesensor-10",
          "matches" : {
            "ipv4" : {
              "protocol" : 6,
              "ietf-acldns:src-dnsname" : "czfe42.front01.iad01.production.nest.com"
            },
            "tcp" : {
              "source-port" : {
                "operator" : "eq",
                "port" : 11095
              }
            }
          },
          "actions" : {
            "forwarding" : "accept"
          }
        }, {
          "name" : "to-ipv4-nestsmokesensor-11",
          "matches" : {
            "ipv4" : {
              "protocol" : 6,
              "ietf-acldns:src-dnsname" : "czfe58.front01.iad01.production.nest.com"
            },
            "tcp" : {
              "source-port" : {
                "operator" : "eq",
                "port" : 11095
              }
            }
          },
          "actions" : {
            "forwarding" : "accept"
          }
        }, {
          "name" : "to-ipv4-nestsmokesensor-12",
          "matches" : {
            "ipv4" : {
              "protocol" : 6,
              "ietf-acldns:src-dnsname" : "czfe41.front01.iad01.production.nest.com"
            },
            "tcp" : {
              "source-port" : {
                "operator" : "eq",
                "port" : 11095
              }
            }
          },
          "actions" : {
            "forwarding" : "accept"
          }
        }, {
          "name" : "to-ipv4-nestsmokesensor-13",
          "matches" : {
            "ipv4" : {
              "protocol" : 6,
              "ietf-acldns:src-dnsname" : "czfe79.front01.iad01.production.nest.com"
            },
            "tcp" : {
              "source-port" : {
                "operator" : "eq",
                "port" : 11095
              }
            }
          },
          "actions" : {
            "forwarding" : "accept"
          }
        }, {
          "name" : "to-ipv4-nestsmokesensor-14",
          "matches" : {
            "ietf-mud:mud" : {
              "controller" : "urn:ietf:params:mud:dns"
            },
            "ipv4" : {
              "protocol" : 17
            },
            "udp" : {
              "source-port" : {
                "operator" : "eq",
                "port" : 53
              }
            }
          },
          "actions" : {
            "forwarding" : "accept"
          }
        }, {
          "name" : "to-ipv4-nestsmokesensor-15",
          "matches" : {
            "ipv4" : {
              "protocol" : 6,
              "ietf-acldns:src-dnsname" : "czfe16.front01.iad01.production.nest.com"
            },
            "tcp" : {
              "source-port" : {
                "operator" : "eq",
                "port" : 11095
              }
            }
          },
          "actions" : {
            "forwarding" : "accept"
          }
        }, {
          "name" : "to-ipv4-nestsmokesensor-16",
          "matches" : {
            "ipv4" : {
              "protocol" : 6,
              "ietf-acldns:src-dnsname" : "czfe117.front01.iad01.production.nest.com"
            },
            "tcp" : {
              "source-port" : {
                "operator" : "eq",
                "port" : 11095
              }
            }
          },
          "actions" : {
            "forwarding" : "accept"
          }
        }, {
          "name" : "to-ipv4-nestsmokesensor-17",
          "matches" : {
            "ipv4" : {
              "protocol" : 6,
              "ietf-acldns:src-dnsname" : "czfe94.front01.iad01.production.nest.com"
            },
            "tcp" : {
              "source-port" : {
                "operator" : "eq",
                "port" : 11095
              }
            }
          },
          "actions" : {
            "forwarding" : "accept"
          }
        }, {
          "name" : "to-ipv4-nestsmokesensor-18",
          "matches" : {
            "ipv4" : {
              "protocol" : 6,
              "ietf-acldns:src-dnsname" : "czfe30.front01.iad01.production.nest.com"
            },
            "tcp" : {
              "source-port" : {
                "operator" : "eq",
                "port" : 11095
              }
            }
          },
          "actions" : {
            "forwarding" : "accept"
          }
        }, {
          "name" : "to-ipv4-nestsmokesensor-19",
          "matches" : {
            "ipv4" : {
              "protocol" : 6,
              "ietf-acldns:src-dnsname" : "czfe49.front01.iad01.production.nest.com"
            },
            "tcp" : {
              "source-port" : {
                "operator" : "eq",
                "port" : 11095
              }
            }
          },
          "actions" : {
            "forwarding" : "accept"
          }
        }, {
          "name" : "to-ipv4-nestsmokesensor-20",
          "matches" : {
            "ipv4" : {
              "protocol" : 6,
              "ietf-acldns:src-dnsname" : "czfe50.front01.iad01.production.nest.com"
            },
            "tcp" : {
              "source-port" : {
                "operator" : "eq",
                "port" : 11095
              }
            }
          },
          "actions" : {
            "forwarding" : "accept"
          }
        }, {
          "name" : "to-ipv4-nestsmokesensor-21",
          "matches" : {
            "ipv4" : {
              "protocol" : 6,
              "ietf-acldns:src-dnsname" : "czfe66.front01.iad01.production.nest.com"
            },
            "tcp" : {
              "source-port" : {
                "operator" : "eq",
                "port" : 11095
              }
            }
          },
          "actions" : {
            "forwarding" : "accept"
          }
        }, {
          "name" : "to-ipv4-nestsmokesensor-22",
          "matches" : {
            "ipv4" : {
              "protocol" : 6,
              "ietf-acldns:src-dnsname" : "czfe60.front01.iad01.production.nest.com"
            },
            "tcp" : {
              "source-port" : {
                "operator" : "eq",
                "port" : 11095
              }
            }
          },
          "actions" : {
            "forwarding" : "accept"
          }
        }, {
          "name" : "to-ipv4-nestsmokesensor-23",
          "matches" : {
            "ipv4" : {
              "protocol" : 6,
              "ietf-acldns:src-dnsname" : "czfe33.front01.iad01.production.nest.com"
            },
            "tcp" : {
              "source-port" : {
                "operator" : "eq",
                "port" : 11095
              }
            }
          },
          "actions" : {
            "forwarding" : "accept"
          }
        }, {
          "name" : "to-ipv4-nestsmokesensor-24",
          "matches" : {
            "ipv4" : {
              "protocol" : 6,
              "ietf-acldns:src-dnsname" : "czfe03.front01.iad01.production.nest.com"
            },
            "tcp" : {
              "source-port" : {
                "operator" : "eq",
                "port" : 11095
              }
            }
          },
          "actions" : {
            "forwarding" : "accept"
          }
        }, {
          "name" : "to-ipv4-nestsmokesensor-25",
          "matches" : {
            "ipv4" : {
              "protocol" : 6,
              "ietf-acldns:src-dnsname" : "czfe104.front01.iad01.production.nest.com"
            },
            "tcp" : {
              "source-port" : {
                "operator" : "eq",
                "port" : 11095
              }
            }
          },
          "actions" : {
            "forwarding" : "accept"
          }
        }, {
          "name" : "to-ipv4-nestsmokesensor-26",
          "matches" : {
            "ipv4" : {
              "protocol" : 6,
              "ietf-acldns:src-dnsname" : "czfe70.front01.iad01.production.nest.com"
            },
            "tcp" : {
              "source-port" : {
                "operator" : "eq",
                "port" : 11095
              }
            }
          },
          "actions" : {
            "forwarding" : "accept"
          }
        }, {
          "name" : "to-ipv4-nestsmokesensor-27",
          "matches" : {
            "ipv4" : {
              "protocol" : 6,
              "ietf-acldns:src-dnsname" : "czfe11.front01.iad01.production.nest.com"
            },
            "tcp" : {
              "source-port" : {
                "operator" : "eq",
                "port" : 11095
              }
            }
          },
          "actions" : {
            "forwarding" : "accept"
          }
        }, {
          "name" : "to-ipv4-nestsmokesensor-28",
          "matches" : {
            "ipv4" : {
              "protocol" : 6,
              "ietf-acldns:src-dnsname" : "czfe53.front01.iad01.production.nest.com"
            },
            "tcp" : {
              "source-port" : {
                "operator" : "eq",
                "port" : 11095
              }
            }
          },
          "actions" : {
            "forwarding" : "accept"
          }
        }, {
          "name" : "to-ipv4-nestsmokesensor-29",
          "matches" : {
            "ipv4" : {
              "protocol" : 6,
              "ietf-acldns:src-dnsname" : "czfe109.front01.iad01.production.nest.com"
            },
            "tcp" : {
              "source-port" : {
                "operator" : "eq",
                "port" : 11095
              }
            }
          },
          "actions" : {
            "forwarding" : "accept"
          }
        }, {
          "name" : "to-ipv4-nestsmokesensor-30",
          "matches" : {
            "ipv4" : {
              "protocol" : 6,
              "ietf-acldns:src-dnsname" : "czfe43.front01.iad01.production.nest.com"
            },
            "tcp" : {
              "source-port" : {
                "operator" : "eq",
                "port" : 11095
              }
            }
          },
          "actions" : {
            "forwarding" : "accept"
          }
        }, {
          "name" : "to-ipv4-nestsmokesensor-31",
          "matches" : {
            "ipv4" : {
              "protocol" : 6,
              "ietf-acldns:src-dnsname" : "czfe21.front01.iad01.production.nest.com"
            },
            "tcp" : {
              "source-port" : {
                "operator" : "eq",
                "port" : 11095
              }
            }
          },
          "actions" : {
            "forwarding" : "accept"
          }
        }, {
          "name" : "to-ipv4-nestsmokesensor-32",
          "matches" : {
            "ipv4" : {
              "protocol" : 6,
              "ietf-acldns:src-dnsname" : "czfe95.front01.iad01.production.nest.com"
            },
            "tcp" : {
              "source-port" : {
                "operator" : "eq",
                "port" : 11095
              }
            }
          },
          "actions" : {
            "forwarding" : "accept"
          }
        }, {
          "name" : "to-ipv4-nestsmokesensor-33",
          "matches" : {
            "ipv4" : {
              "protocol" : 6,
              "ietf-acldns:src-dnsname" : "czfe119.front01.iad01.production.nest.com"
            },
            "tcp" : {
              "source-port" : {
                "operator" : "eq",
                "port" : 11095
              }
            }
          },
          "actions" : {
            "forwarding" : "accept"
          }
        }, {
          "name" : "to-ipv4-nestsmokesensor-34",
          "matches" : {
            "ipv4" : {
              "protocol" : 6,
              "ietf-acldns:src-dnsname" : "frontdoor.nest.com"
            },
            "tcp" : {
              "source-port" : {
                "operator" : "eq",
                "port" : 11095
              }
            }
          },
          "actions" : {
            "forwarding" : "accept"
          }
        }, {
          "name" : "to-ipv4-nestsmokesensor-35",
          "matches" : {
            "ipv4" : {
              "protocol" : 6,
              "ietf-acldns:src-dnsname" : "czfe73.front01.iad01.production.nest.com"
            },
            "tcp" : {
              "source-port" : {
                "operator" : "eq",
                "port" : 11095
              }
            }
          },
          "actions" : {
            "forwarding" : "accept"
          }
        }, {
          "name" : "to-ipv4-nestsmokesensor-36",
          "matches" : {
            "ipv4" : {
              "protocol" : 6,
              "ietf-acldns:src-dnsname" : "czfe118.front01.iad01.production.nest.com"
            },
            "tcp" : {
              "source-port" : {
                "operator" : "eq",
                "port" : 11095
              }
            }
          },
          "actions" : {
            "forwarding" : "accept"
          }
        }, {
          "name" : "to-ipv4-nestsmokesensor-37",
          "matches" : {
            "ipv4" : {
              "protocol" : 6,
              "ietf-acldns:src-dnsname" : "czfe84.front01.iad01.production.nest.com"
            },
            "tcp" : {
              "source-port" : {
                "operator" : "eq",
                "port" : 11095
              }
            }
          },
          "actions" : {
            "forwarding" : "accept"
          }
        }, {
          "name" : "to-ipv4-nestsmokesensor-38",
          "matches" : {
            "ipv4" : {
              "protocol" : 6,
              "ietf-acldns:src-dnsname" : "czfe48.front01.iad01.production.nest.com"
            },
            "tcp" : {
              "source-port" : {
                "operator" : "eq",
                "port" : 11095
              }
            }
          },
          "actions" : {
            "forwarding" : "accept"
          }
        }, {
          "name" : "to-ipv4-nestsmokesensor-39",
          "matches" : {
            "ipv4" : {
              "protocol" : 6,
              "ietf-acldns:src-dnsname" : "czfe89.front01.iad01.production.nest.com"
            },
            "tcp" : {
              "source-port" : {
                "operator" : "eq",
                "port" : 11095
              }
            }
          },
          "actions" : {
            "forwarding" : "accept"
          }
        }, {
          "name" : "to-ipv4-nestsmokesensor-40",
          "matches" : {
            "ipv4" : {
              "protocol" : 6,
              "ietf-acldns:src-dnsname" : "czfe06.front01.iad01.production.nest.com"
            },
            "tcp" : {
              "source-port" : {
                "operator" : "eq",
                "port" : 11095
              }
            }
          },
          "actions" : {
            "forwarding" : "accept"
          }
        }, {
          "name" : "to-ipv4-nestsmokesensor-41",
          "matches" : {
            "ipv4" : {
              "protocol" : 6,
              "ietf-acldns:src-dnsname" : "czfe17.front01.iad01.production.nest.com"
            },
            "tcp" : {
              "source-port" : {
                "operator" : "eq",
                "port" : 11095
              }
            }
          },
          "actions" : {
            "forwarding" : "accept"
          }
        }, {
          "name" : "to-ipv4-nestsmokesensor-42",
          "matches" : {
            "ipv4" : {
              "protocol" : 6,
              "ietf-acldns:src-dnsname" : "czfe67.front01.iad01.production.nest.com"
            },
            "tcp" : {
              "source-port" : {
                "operator" : "eq",
                "port" : 11095
              }
            }
          },
          "actions" : {
            "forwarding" : "accept"
          }
        }, {
          "name" : "to-ipv4-nestsmokesensor-43",
          "matches" : {
            "ipv4" : {
              "protocol" : 6,
              "ietf-acldns:src-dnsname" : "czfe71.front01.iad01.production.nest.com"
            },
            "tcp" : {
              "source-port" : {
                "operator" : "eq",
                "port" : 11095
              }
            }
          },
          "actions" : {
            "forwarding" : "accept"
          }
        }, {
          "name" : "to-ipv4-nestsmokesensor-44",
          "matches" : {
            "ipv4" : {
              "protocol" : 6,
              "ietf-acldns:src-dnsname" : "czfe56.front01.iad01.production.nest.com"
            },
            "tcp" : {
              "source-port" : {
                "operator" : "eq",
                "port" : 11095
              }
            }
          },
          "actions" : {
            "forwarding" : "accept"
          }
        }, {
          "name" : "to-ipv4-nestsmokesensor-45",
          "matches" : {
            "ipv4" : {
              "protocol" : 6,
              "ietf-acldns:src-dnsname" : "czfe105.front01.iad01.production.nest.com"
            },
            "tcp" : {
              "source-port" : {
                "operator" : "eq",
                "port" : 11095
              }
            }
          },
          "actions" : {
            "forwarding" : "accept"
          }
        }, {
          "name" : "to-ipv4-nestsmokesensor-46",
          "matches" : {
            "ipv4" : {
              "protocol" : 6,
              "ietf-acldns:src-dnsname" : "czfe116.front01.iad01.production.nest.com"
            },
            "tcp" : {
              "source-port" : {
                "operator" : "eq",
                "port" : 11095
              }
            }
          },
          "actions" : {
            "forwarding" : "accept"
          }
        }, {
          "name" : "to-ipv4-nestsmokesensor-47",
          "matches" : {
            "ipv4" : {
              "protocol" : 6,
              "ietf-acldns:src-dnsname" : "czfe93.front01.iad01.production.nest.com"
            },
            "tcp" : {
              "source-port" : {
                "operator" : "eq",
                "port" : 11095
              }
            }
          },
          "actions" : {
            "forwarding" : "accept"
          }
        }, {
          "name" : "to-ipv4-nestsmokesensor-48",
          "matches" : {
            "ipv4" : {
              "protocol" : 6,
              "ietf-acldns:src-dnsname" : "czfe100.front01.iad01.production.nest.com"
            },
            "tcp" : {
              "source-port" : {
                "operator" : "eq",
                "port" : 11095
              }
            }
          },
          "actions" : {
            "forwarding" : "accept"
          }
        } ]
      }
    }, {
      "name" : "from-ipv6-nestsmokesensor",
      "type" : "ipv6-acl-type",
      "aces" : {
        "ace" : [ {
          "name" : "from-ipv6-nestsmokesensor-0",
          "matches" : {
            "ietf-mud:mud" : {
              "controller" : "urn:ietf:params:mud:gateway"
            },
            "ipv6" : {
              "protocol" : 58
            }
          },
          "actions" : {
            "forwarding" : "accept"
          }
        }, {
          "name" : "from-ipv6-nestsmokesensor-1",
          "matches" : {
            "ietf-mud:mud" : {
              "local-networks" : [ null ]
            },
            "ipv6" : {
              "protocol" : 58,
              "destination-ipv6-network" : "ff00::/8"
            }
          },
          "actions" : {
            "forwarding" : "accept"
          }
        }, {
          "name" : "from-ipv6-nestsmokesensor-2",
          "matches" : {
            "ietf-mud:mud" : {
              "local-networks" : [ null ]
            },
            "ipv6" : {
              "protocol" : 0,
              "destination-ipv6-network" : "ff00::/8"
            }
          },
          "actions" : {
            "forwarding" : "accept"
          }
        } ]
      }
    }, {
      "name" : "from-ethernet-nestsmokesensor",
      "type" : "ethernet-acl-type",
      "aces" : {
        "ace" : [ {
          "name" : "from-ethernet-nestsmokesensor-0",
          "matches" : {
            "ietf-mud:mud" : {
              "local-networks" : [ null ]
            },
            "eth" : {
              "ethertype" : "0x0006"
            }
          },
          "actions" : {
            "forwarding" : "accept"
          }
        }, {
          "name" : "from-ethernet-nestsmokesensor-1",
          "matches" : {
            "ietf-mud:mud" : {
              "local-networks" : [ null ]
            },
            "eth" : {
              "ethertype" : "0x888e"
            }
          },
          "actions" : {
            "forwarding" : "accept"
          }
        } ]
      }
    } ]
  }
}