{
  "ietf-mud:mud" : {
    "mud-version" : 1,
    "mud-url" : "https://canarycamera.com/canarycamera",
    "last-update" : "2018-09-16T20:08:10.618+10:00",
    "cache-validity" : 100,
    "is-supported" : true,
    "systeminfo" : "canaryCamera",
    "from-device-policy" : {
      "access-lists" : {
        "access-list" : [ {
          "name" : "from-ipv4-canarycamera"
        }, {
          "name" : "from-ethernet-canarycamera"
        } ]
      }
    },
    "to-device-policy" : {
      "access-lists" : {
        "access-list" : [ {
          "name" : "to-ipv4-canarycamera"
        }, {
          "name" : "to-ethernet-canarycamera"
        }  ]
      }
    }
  },
  "ietf-access-control-list:access-lists" : {
    "acl" : [ {
      "name" : "from-ipv4-canarycamera",
      "type" : "ipv4-acl-type",
      "aces" : {
        "ace" : [ {
          "name" : "from-ipv4-canarycamera-0",
          "matches" : {
            "ietf-mud:mud" : {
              "controller" : "urn:ietf:params:mud:gateway"
            },
            "ipv4" : {
              "protocol" : 17
            },
            "udp" : {
              "destination-port" : {
                "operator" : "eq",
                "port" : 67
              }
            }
          },
          "actions" : {
            "forwarding" : "accept"
          }
        }, {
          "name" : "from-ipv4-canarycamera-1",
          "matches" : {
            "ipv4" : {
              "protocol" : 6,
              "ietf-acldns:dst-dnsname" : "h.canaryis.com"
            },
            "tcp" : {
              "destination-port" : {
                "operator" : "eq",
                "port" : 80
              },
              "ietf-mud:direction-initiated" : "from-device"
            }
          },
          "actions" : {
            "forwarding" : "accept"
          }
        }, {
          "name" : "from-ipv4-canarycamera-2",
          "matches" : {
            "ipv4" : {
              "protocol" : 6,
              "ietf-acldns:dst-dnsname" : "m.canaryis.com"
            },
            "tcp" : {
              "destination-port" : {
                "operator" : "eq",
                "port" : 443
              },
              "ietf-mud:direction-initiated" : "from-device"
            }
          },
          "actions" : {
            "forwarding" : "accept"
          }
        }, {
          "name" : "from-ipv4-canarycamera-3",
          "matches" : {
            "ietf-mud:mud" : {
              "local-networks" : [ null ]
            },
            "ipv4" : {
              "protocol" : 17,
              "destination-ipv4-network" : "255.255.255.255/32"
            },
            "udp" : {
              "destination-port" : {
                "operator" : "eq",
                "port" : 67
              }
            },
            "eth" : {
              "destination-mac-address" : "ff:ff:ff:ff:ff:ff",
              "ethertype" : "0x0800"
            }
          },
          "actions" : {
            "forwarding" : "accept"
          }
        }, {
          "name" : "from-ipv4-canarycamera-4",
          "matches" : {
            "ipv4" : {
              "protocol" : 6,
              "ietf-acldns:dst-dnsname" : "ipv4.connman.net"
            },
            "tcp" : {
              "destination-port" : {
                "operator" : "eq",
                "port" : 80
              },
              "ietf-mud:direction-initiated" : "from-device"
            }
          },
          "actions" : {
            "forwarding" : "accept"
          }
        }, {
          "name" : "from-ipv4-canarycamera-5",
          "matches" : {
            "ipv4" : {
              "protocol" : 6,
              "ietf-acldns:dst-dnsname" : "b.canaryis.com"
            },
            "tcp" : {
              "destination-port" : {
                "operator" : "eq",
                "port" : 443
              },
              "ietf-mud:direction-initiated" : "from-device"
            }
          },
          "actions" : {
            "forwarding" : "accept"
          }
        }, {
          "name" : "from-ipv4-canarycamera-6",
          "matches" : {
            "ipv4" : {
              "protocol" : 6,
              "ietf-acldns:dst-dnsname" : "09-wl2-d-prod.canaryis.com"
            },
            "tcp" : {
              "destination-port" : {
                "operator" : "eq",
                "port" : 443
              },
              "ietf-mud:direction-initiated" : "from-device"
            }
          },
          "actions" : {
            "forwarding" : "accept"
          }
        }, {
          "name" : "from-ipv4-canarycamera-7",
          "matches" : {
            "ipv4" : {
              "protocol" : 6,
              "ietf-acldns:dst-dnsname" : "v.canaryis.com"
            },
            "tcp" : {
              "destination-port" : {
                "operator" : "eq",
                "port" : 443
              },
              "ietf-mud:direction-initiated" : "from-device"
            }
          },
          "actions" : {
            "forwarding" : "accept"
          }
        }, {
          "name" : "from-ipv4-canarycamera-8",
          "matches" : {
            "ipv4" : {
              "protocol" : 6,
              "ietf-acldns:dst-dnsname" : "o.canaryis.com"
            },
            "tcp" : {
              "destination-port" : {
                "operator" : "eq",
                "port" : 443
              },
              "ietf-mud:direction-initiated" : "from-device"
            }
          },
          "actions" : {
            "forwarding" : "accept"
          }
        }, {
          "name" : "from-ipv4-canarycamera-9",
          "matches" : {
            "ipv4" : {
              "protocol" : 6,
              "ietf-acldns:dst-dnsname" : "i.canaryis.com"
            },
            "tcp" : {
              "destination-port" : {
                "operator" : "eq",
                "port" : 80
              },
              "ietf-mud:direction-initiated" : "from-device"
            }
          },
          "actions" : {
            "forwarding" : "accept"
          }
        }, {
          "name" : "from-ipv4-canarycamera-10",
          "matches" : {
            "ietf-mud:mud" : {
              "controller" : "urn:ietf:params:mud:dns"
            },
            "ipv4" : {
              "protocol" : 17
            },
            "udp" : {
              "destination-port" : {
                "operator" : "eq",
                "port" : 53
              }
            }
          },
          "actions" : {
            "forwarding" : "accept"
          }
        }, {
          "name" : "from-ipv4-canarycamera-11",
          "matches" : {
            "ipv4" : {
              "protocol" : 6,
              "ietf-acldns:dst-dnsname" : "i.canaryis.com"
            },
            "tcp" : {
              "destination-port" : {
                "operator" : "eq",
                "port" : 443
              },
              "ietf-mud:direction-initiated" : "from-device"
            }
          },
          "actions" : {
            "forwarding" : "accept"
          }
        }, {
          "name" : "from-ipv4-canarycamera-12",
          "matches" : {
            "ipv4" : {
              "protocol" : 6,
              "ietf-acldns:dst-dnsname" : "h.canaryis.com"
            },
            "tcp" : {
              "destination-port" : {
                "operator" : "eq",
                "port" : 443
              },
              "ietf-mud:direction-initiated" : "from-device"
            }
          },
          "actions" : {
            "forwarding" : "accept"
          }
        } ]
      }
    }, {
      "name" : "to-ipv4-canarycamera",
      "type" : "ipv4-acl-type",
      "aces" : {
        "ace" : [ {
          "name" : "to-ipv4-canarycamera-0",
          "matches" : {
            "ipv4" : {
              "protocol" : 6,
              "ietf-acldns:src-dnsname" : "i.canaryis.com"
            },
            "tcp" : {
              "source-port" : {
                "operator" : "eq",
                "port" : 443
              }
            }
          },
          "actions" : {
            "forwarding" : "accept"
          }
        }, {
          "name" : "to-ipv4-canarycamera-1",
          "matches" : {
            "ipv4" : {
              "protocol" : 6,
              "ietf-acldns:src-dnsname" : "b.canaryis.com"
            },
            "tcp" : {
              "source-port" : {
                "operator" : "eq",
                "port" : 443
              }
            }
          },
          "actions" : {
            "forwarding" : "accept"
          }
        }, {
          "name" : "to-ipv4-canarycamera-2",
          "matches" : {
            "ipv4" : {
              "protocol" : 6,
              "ietf-acldns:src-dnsname" : "i.canaryis.com"
            },
            "tcp" : {
              "source-port" : {
                "operator" : "eq",
                "port" : 80
              }
            }
          },
          "actions" : {
            "forwarding" : "accept"
          }
        }, {
          "name" : "to-ipv4-canarycamera-3",
          "matches" : {
            "ipv4" : {
              "protocol" : 6,
              "ietf-acldns:src-dnsname" : "09-wl2-d-prod.canaryis.com"
            },
            "tcp" : {
              "source-port" : {
                "operator" : "eq",
                "port" : 443
              }
            }
          },
          "actions" : {
            "forwarding" : "accept"
          }
        }, {
          "name" : "to-ipv4-canarycamera-4",
          "matches" : {
            "ipv4" : {
              "protocol" : 6,
              "ietf-acldns:src-dnsname" : "h.canaryis.com"
            },
            "tcp" : {
              "source-port" : {
                "operator" : "eq",
                "port" : 80
              }
            }
          },
          "actions" : {
            "forwarding" : "accept"
          }
        }, {
          "name" : "to-ipv4-canarycamera-5",
          "matches" : {
            "ietf-mud:mud" : {
              "controller" : "urn:ietf:params:mud:dns"
            },
            "ipv4" : {
              "protocol" : 17
            },
            "udp" : {
              "source-port" : {
                "operator" : "eq",
                "port" : 53
              }
            }
          },
          "actions" : {
            "forwarding" : "accept"
          }
        }, {
          "name" : "to-ipv4-canarycamera-6",
          "matches" : {
            "ipv4" : {
              "protocol" : 6,
              "ietf-acldns:src-dnsname" : "o.canaryis.com"
            },
            "tcp" : {
              "source-port" : {
                "operator" : "eq",
                "port" : 443
              }
            }
          },
          "actions" : {
            "forwarding" : "accept"
          }
        }, {
          "name" : "to-ipv4-canarycamera-7",
          "matches" : {
            "ipv4" : {
              "protocol" : 6,
              "ietf-acldns:src-dnsname" : "h.canaryis.com"
            },
            "tcp" : {
              "source-port" : {
                "operator" : "eq",
                "port" : 443
              }
            }
          },
          "actions" : {
            "forwarding" : "accept"
          }
        }, {
          "name" : "to-ipv4-canarycamera-8",
          "matches" : {
            "ipv4" : {
              "protocol" : 6,
              "ietf-acldns:src-dnsname" : "ipv4.connman.net"
            },
            "tcp" : {
              "source-port" : {
                "operator" : "eq",
                "port" : 80
              }
            }
          },
          "actions" : {
            "forwarding" : "accept"
          }
        }, {
          "name" : "to-ipv4-canarycamera-9",
          "matches" : {
            "ietf-mud:mud" : {
              "controller" : "urn:ietf:params:mud:gateway"
            },
            "ipv4" : {
              "protocol" : 17
            },
            "udp" : {
              "source-port" : {
                "operator" : "eq",
                "port" : 67
              }
            }
          },
          "actions" : {
            "forwarding" : "accept"
          }
        }, {
          "name" : "to-ipv4-canarycamera-10",
          "matches" : {
            "ipv4" : {
              "protocol" : 6,
              "ietf-acldns:src-dnsname" : "v.canaryis.com"
            },
            "tcp" : {
              "source-port" : {
                "operator" : "eq",
                "port" : 443
              }
            }
          },
          "actions" : {
            "forwarding" : "accept"
          }
        }, {
          "name" : "to-ipv4-canarycamera-11",
          "matches" : {
            "ipv4" : {
              "protocol" : 6,
              "ietf-acldns:src-dnsname" : "m.canaryis.com"
            },
            "tcp" : {
              "source-port" : {
                "operator" : "eq",
                "port" : 443
              }
            }
          },
          "actions" : {
            "forwarding" : "accept"
          }
        } ]
      }
    }, {
      "name" : "from-ethernet-canarycamera",
      "type" : "ethernet-acl-type",
      "aces" : {
        "ace" : [ {
          "name" : "from-ethernet-canarycamera-0",
          "matches" : {
            "ietf-mud:mud" : {
              "local-networks" : [ null ]
            },
            "eth" : {
              "ethertype" : "0x888e"
            }
          },
          "actions" : {
            "forwarding" : "accept"
          }
        }, {
          "name" : "from-ethernet-canarycamera-1",
          "matches" : {
            "ietf-mud:mud" : {
              "local-networks" : [ null ]
            },
            "eth" : {
              "ethertype" : "0x0006"
            }
          },
          "actions" : {
            "forwarding" : "accept"
          }
        } ]
      }
    }, {
      "name" : "to-ethernet-canarycamera",
      "type" : "ethernet-acl-type",
      "aces" : {
        "ace" : [ {
	  "name" : "to-ethernet-canarycamera-0",
          "matches" : {
            "ietf-mud:mud" : {
              "local-networks" : [ null ]
            },
            "eth" : {
              "ethertype" : "0x888e"
            }
          },
          "actions" : {
            "forwarding" : "accept"
          }
	}, {
          "name" : "to-ethernet-canarycamera-1",
          "matches" : {
            "ietf-mud:mud" : {
              "local-networks" : [ null ]
            },
            "eth" : {
              "ethertype" : "0x0006"
            }
          },
          "actions" : {
            "forwarding" : "accept"
          }
	} ]
      }
    } ]
  }
}