{
  "ietf-mud:mud" : {
    "mud-version" : 1,
    "mud-url" : "https://dropcam.com/dropcam",
    "last-update" : "2018-09-04T21:54:29.710+10:00",
    "cache-validity" : 100,
    "is-supported" : true,
    "systeminfo" : "dropcam",
    "from-device-policy" : {
      "access-lists" : {
        "access-list" : [ {
          "name" : "from-ipv4-dropcam"
        }, {
          "name" : "from-ethernet-dropcam"
        } ]
      }
    },
    "to-device-policy" : {
      "access-lists" : {
        "access-list" : [ {
          "name" : "to-ipv4-dropcam"
        } ]
      }
    }
  },
  "ietf-access-control-list:access-lists" : {
    "acl" : [ {
      "name" : "from-ipv4-dropcam",
      "type" : "ipv4-acl-type",
      "aces" : {
        "ace" : [ {
          "name" : "from-ipv4-dropcam-0",
          "matches" : {
            "ipv4" : {
              "protocol" : 17,
              "ietf-acldns:dst-dnsname" : "pool.ntp.org"
            },
            "udp" : {
              "destination-port" : {
                "operator" : "eq",
                "port" : 123
              }
            }
          },
          "actions" : {
            "forwarding" : "accept"
          }
        }, {
          "name" : "from-ipv4-dropcam-1",
          "matches" : {
            "ipv4" : {
              "protocol" : 6,
              "ietf-acldns:dst-dnsname" : "oculus2275-us1.dropcam.com"
            },
            "tcp" : {
              "destination-port" : {
                "operator" : "eq",
                "port" : 443
              },
              "ietf-mud:direction-initiated" : "from-device"
            }
          },
          "actions" : {
            "forwarding" : "accept"
          }
        }, {
          "name" : "from-ipv4-dropcam-2",
          "matches" : {
            "ietf-mud:mud" : {
              "controller" : "urn:ietf:params:mud:gateway"
            },
            "ipv4" : {
              "protocol" : 17
            },
            "udp" : {
              "destination-port" : {
                "operator" : "eq",
                "port" : 67
              }
            }
          },
          "actions" : {
            "forwarding" : "accept"
          }
        }, {
          "name" : "from-ipv4-dropcam-3",
          "matches" : {
            "ipv4" : {
              "protocol" : 6,
              "ietf-acldns:dst-dnsname" : "nexus.dropcam.com"
            },
            "tcp" : {
              "destination-port" : {
                "operator" : "eq",
                "port" : 443
              },
              "ietf-mud:direction-initiated" : "from-device"
            }
          },
          "actions" : {
            "forwarding" : "accept"
          }
        }, {
          "name" : "from-ipv4-dropcam-4",
          "matches" : {
            "ietf-mud:mud" : {
              "controller" : "urn:ietf:params:mud:dns"
            },
            "ipv4" : {
              "protocol" : 17
            },
            "udp" : {
              "destination-port" : {
                "operator" : "eq",
                "port" : 53
              }
            }
          },
          "actions" : {
            "forwarding" : "accept"
          }
        }, {
          "name" : "from-ipv4-dropcam-5",
          "matches" : {
            "ietf-mud:mud" : {
              "local-networks" : [ null ]
            },
            "ipv4" : {
              "protocol" : 17,
              "destination-ipv4-network" : "255.255.255.255/32"
            },
            "udp" : {
              "destination-port" : {
                "operator" : "eq",
                "port" : 67
              }
            },
            "eth" : {
              "destination-mac-address" : "ff:ff:ff:ff:ff:ff",
              "ethertype" : "0x0800"
            }
          },
          "actions" : {
            "forwarding" : "accept"
          }
        }, {
          "name" : "from-ipv4-dropcam-6",
          "matches" : {
            "ipv4" : {
              "protocol" : 6,
              "ietf-acldns:dst-dnsname" : "nexus-us1.dropcam.com"
            },
            "tcp" : {
              "destination-port" : {
                "operator" : "eq",
                "port" : 443
              },
              "ietf-mud:direction-initiated" : "from-device"
            }
          },
          "actions" : {
            "forwarding" : "accept"
          }
        }, {
          "name" : "from-ipv4-dropcam-7",
          "matches" : {
            "ipv4" : {
              "protocol" : 17,
              "destination-ipv4-network" : "8.8.4.4/32"
            },
            "udp" : {
              "destination-port" : {
                "operator" : "eq",
                "port" : 53
              }
            }
          },
          "actions" : {
            "forwarding" : "accept"
          }
        }, {
          "name" : "from-ipv4-dropcam-8",
          "matches" : {
            "ipv4" : {
              "protocol" : 17,
              "destination-ipv4-network" : "8.8.8.8/32"
            },
            "udp" : {
              "destination-port" : {
                "operator" : "eq",
                "port" : 53
              }
            }
          },
          "actions" : {
            "forwarding" : "accept"
          }
        } ]
      }
    }, {
      "name" : "to-ipv4-dropcam",
      "type" : "ipv4-acl-type",
      "aces" : {
        "ace" : [ {
          "name" : "to-ipv4-dropcam-0",
          "matches" : {
            "ipv4" : {
              "protocol" : 6,
              "ietf-acldns:src-dnsname" : "oculus2275-us1.dropcam.com"
            },
            "tcp" : {
              "source-port" : {
                "operator" : "eq",
                "port" : 443
              }
            }
          },
          "actions" : {
            "forwarding" : "accept"
          }
        }, {
          "name" : "to-ipv4-dropcam-1",
          "matches" : {
            "ipv4" : {
              "protocol" : 6,
              "ietf-acldns:src-dnsname" : "nexus-us1.dropcam.com"
            },
            "tcp" : {
              "source-port" : {
                "operator" : "eq",
                "port" : 443
              }
            }
          },
          "actions" : {
            "forwarding" : "accept"
          }
        }, {
          "name" : "to-ipv4-dropcam-2",
          "matches" : {
            "ietf-mud:mud" : {
              "controller" : "urn:ietf:params:mud:dns"
            },
            "ipv4" : {
              "protocol" : 17
            },
            "udp" : {
              "source-port" : {
                "operator" : "eq",
                "port" : 53
              }
            }
          },
          "actions" : {
            "forwarding" : "accept"
          }
        }, {
          "name" : "to-ipv4-dropcam-3",
          "matches" : {
            "ipv4" : {
              "protocol" : 6,
              "ietf-acldns:src-dnsname" : "nexus.dropcam.com"
            },
            "tcp" : {
              "source-port" : {
                "operator" : "eq",
                "port" : 443
              }
            }
          },
          "actions" : {
            "forwarding" : "accept"
          }
        }, {
          "name" : "to-ipv4-dropcam-4",
          "matches" : {
            "ietf-mud:mud" : {
              "controller" : "urn:ietf:params:mud:gateway"
            },
            "ipv4" : {
              "protocol" : 17
            },
            "udp" : {
              "source-port" : {
                "operator" : "eq",
                "port" : 67
              }
            }
          },
          "actions" : {
            "forwarding" : "accept"
          }
        }, {
          "name" : "to-ipv4-dropcam-5",
          "matches" : {
            "ipv4" : {
              "protocol" : 17,
              "source-ipv4-network" : "8.8.8.8/32"
            },
            "udp" : {
              "source-port" : {
                "operator" : "eq",
                "port" : 53
              }
            }
          },
          "actions" : {
            "forwarding" : "accept"
          }
        }, {
          "name" : "to-ipv4-dropcam-6",
          "matches" : {
            "ipv4" : {
              "protocol" : 17,
              "source-ipv4-network" : "8.8.4.4/32"
            },
            "udp" : {
              "source-port" : {
                "operator" : "eq",
                "port" : 53
              }
            }
          },
          "actions" : {
            "forwarding" : "accept"
          }
        }, {
          "name" : "to-ipv4-dropcam-7",
          "matches" : {
            "ipv4" : {
              "protocol" : 17,
              "ietf-acldns:src-dnsname" : "pool.ntp.org"
            },
            "udp" : {
              "source-port" : {
                "operator" : "eq",
                "port" : 123
              }
            }
          },
          "actions" : {
            "forwarding" : "accept"
          }
        } ]
      }
    }, {
      "name" : "from-ethernet-dropcam",
      "type" : "ethernet-acl-type",
      "aces" : {
        "ace" : [ {
          "name" : "from-ethernet-dropcam-0",
          "matches" : {
            "ietf-mud:mud" : {
              "local-networks" : [ null ]
            },
            "eth" : {
              "ethertype" : "0x888e"
            }
          },
          "actions" : {
            "forwarding" : "accept"
          }
        }, {
          "name" : "from-ethernet-dropcam-1",
          "matches" : {
            "ietf-mud:mud" : {
              "local-networks" : [ null ]
            },
            "eth" : {
              "ethertype" : "0x0006"
            }
          },
          "actions" : {
            "forwarding" : "accept"
          }
        } ]
      }
    } ]
  }
}