{
  "ietf-mud:mud" : {
    "mud-version" : 1,
    "mud-url" : "https://withingsbabymonitor.com/withingsbabymonitor",
    "last-update" : "2018-04-08T00:06:47.982+10:00",
    "cache-validity" : 100,
    "is-supported" : true,
    "systeminfo" : "withingsbabymonitor",
    "from-device-policy" : {
      "access-lists" : {
        "access-list" : [ {
          "name" : "from-ipv4-withingsbabymonitor"
        } ]
      }
    },
    "to-device-policy" : {
      "access-lists" : {
        "access-list" : [ {
          "name" : "to-ipv4-withingsbabymonitor"
        } ]
      }
    }
  },
  "ietf-access-control-list:access-lists" : {
    "acl" : [ {
      "name" : "from-ipv4-withingsbabymonitor",
      "type" : "ipv4-acl-type",
      "aces" : {
        "ace" : [ {
          "name" : "from-ipv4-withingsbabymonitor-0",
          "matches" : {
            "ipv4" : {
              "protocol" : 6,
              "ietf-acldns:dst-dnsname" : "fr-eqx-fwd-06.withings.com"
            },
            "tcp" : {
              "destination-port" : {
                "operator" : "eq",
                "port" : 1935
              },
              "ietf-mud:direction-initiated" : "from-device"
            }
          },
          "actions" : {
            "forwarding" : "accept"
          }
        }, {
          "name" : "from-ipv4-withingsbabymonitor-1",
          "matches" : {
            "ipv4" : {
              "protocol" : 6,
              "ietf-acldns:dst-dnsname" : "fr-on-fwd-03.withings.net"
            },
            "tcp" : {
              "destination-port" : {
                "operator" : "eq",
                "port" : 1935
              },
              "ietf-mud:direction-initiated" : "from-device"
            }
          },
          "actions" : {
            "forwarding" : "accept"
          }
        }, {
          "name" : "from-ipv4-withingsbabymonitor-2",
          "matches" : {
            "ietf-mud:mud" : {
              "controller" : "urn:ietf:params:mud:dns"
            },
            "ipv4" : {
              "protocol" : 17
            },
            "udp" : {
              "destination-port" : {
                "operator" : "eq",
                "port" : 53
              }
            }
          },
          "actions" : {
            "forwarding" : "accept"
          }
        }, {
          "name" : "from-ipv4-withingsbabymonitor-3",
          "matches" : {
            "ietf-mud:mud" : {
              "local-networks" : [ null ]
            },
            "ipv4" : {
              "protocol" : 17,
              "destination-ipv4-network" : "255.255.255.255/32"
            },
            "udp" : {
              "destination-port" : {
                "operator" : "eq",
                "port" : 67
              }
            },
            "eth" : {
              "destination-mac-address" : "ff:ff:ff:ff:ff:ff",
              "ethertype" : "0x0800"
            }
          },
          "actions" : {
            "forwarding" : "accept"
          }
        }, {
          "name" : "from-ipv4-withingsbabymonitor-4",
          "matches" : {
            "ipv4" : {
              "protocol" : 6,
              "ietf-acldns:dst-dnsname" : "fr-on-vm-02-lxc-03.withings.net"
            },
            "tcp" : {
              "destination-port" : {
                "operator" : "eq",
                "port" : 1935
              },
              "ietf-mud:direction-initiated" : "from-device"
            }
          },
          "actions" : {
            "forwarding" : "accept"
          }
        }, {
          "name" : "from-ipv4-withingsbabymonitor-5",
          "matches" : {
            "ipv4" : {
              "protocol" : 6,
              "ietf-acldns:dst-dnsname" : "fr-on-vm-02-lxc-05.withings.net"
            },
            "tcp" : {
              "destination-port" : {
                "operator" : "eq",
                "port" : 1935
              },
              "ietf-mud:direction-initiated" : "from-device"
            }
          },
          "actions" : {
            "forwarding" : "accept"
          }
        }, {
          "name" : "from-ipv4-withingsbabymonitor-6",
          "matches" : {
            "ipv4" : {
              "protocol" : 6,
              "ietf-acldns:dst-dnsname" : "us-iweb-fwd-01-lxc-04.withings.net"
            },
            "tcp" : {
              "destination-port" : {
                "operator" : "eq",
                "port" : 1935
              },
              "ietf-mud:direction-initiated" : "from-device"
            }
          },
          "actions" : {
            "forwarding" : "accept"
          }
        }, {
          "name" : "from-ipv4-withingsbabymonitor-7",
          "matches" : {
            "ietf-mud:mud" : {
              "local-networks" : [ null ]
            },
            "ipv4" : {
              "protocol" : 17,
              "destination-ipv4-network" : "224.0.0.251/32"
            },
            "udp" : {
              "destination-port" : {
                "operator" : "eq",
                "port" : 5353
              }
            }
          },
          "actions" : {
            "forwarding" : "accept"
          }
        }, {
          "name" : "from-ipv4-withingsbabymonitor-8",
          "matches" : {
            "ipv4" : {
              "protocol" : 6,
              "ietf-acldns:dst-dnsname" : "fr-ovh-fwd-03.withings.net"
            },
            "tcp" : {
              "destination-port" : {
                "operator" : "eq",
                "port" : 1935
              },
              "ietf-mud:direction-initiated" : "from-device"
            }
          },
          "actions" : {
            "forwarding" : "accept"
          }
        }, {
          "name" : "from-ipv4-withingsbabymonitor-9",
          "matches" : {
            "ipv4" : {
              "protocol" : 6,
              "ietf-acldns:dst-dnsname" : "babyws.withings.net"
            },
            "tcp" : {
              "destination-port" : {
                "operator" : "eq",
                "port" : 80
              },
              "ietf-mud:direction-initiated" : "from-device"
            }
          },
          "actions" : {
            "forwarding" : "accept"
          }
        } ]
      }
    }, {
      "name" : "to-ipv4-withingsbabymonitor",
      "type" : "ipv4-acl-type",
      "aces" : {
        "ace" : [ {
          "name" : "to-ipv4-withingsbabymonitor-0",
          "matches" : {
            "ipv4" : {
              "protocol" : 6,
              "ietf-acldns:src-dnsname" : "babyws.withings.net"
            },
            "tcp" : {
              "source-port" : {
                "operator" : "eq",
                "port" : 80
              }
            }
          },
          "actions" : {
            "forwarding" : "accept"
          }
        }, {
          "name" : "to-ipv4-withingsbabymonitor-1",
          "matches" : {
            "ipv4" : {
              "protocol" : 6,
              "ietf-acldns:src-dnsname" : "fr-on-vm-02-lxc-03.withings.net"
            },
            "tcp" : {
              "source-port" : {
                "operator" : "eq",
                "port" : 1935
              }
            }
          },
          "actions" : {
            "forwarding" : "accept"
          }
        }, {
          "name" : "to-ipv4-withingsbabymonitor-2",
          "matches" : {
            "ietf-mud:mud" : {
              "controller" : "urn:ietf:params:mud:dns"
            },
            "ipv4" : {
              "protocol" : 17
            },
            "udp" : {
              "source-port" : {
                "operator" : "eq",
                "port" : 53
              }
            }
          },
          "actions" : {
            "forwarding" : "accept"
          }
        }, {
          "name" : "to-ipv4-withingsbabymonitor-3",
          "matches" : {
            "ietf-mud:mud" : {
              "controller" : "urn:ietf:params:mud:gateway"
            },
            "ipv4" : {
              "protocol" : 17
            },
            "udp" : {
              "source-port" : {
                "operator" : "eq",
                "port" : 67
              }
            }
          },
          "actions" : {
            "forwarding" : "accept"
          }
        }, {
          "name" : "to-ipv4-withingsbabymonitor-4",
          "matches" : {
            "ipv4" : {
              "protocol" : 6,
              "ietf-acldns:src-dnsname" : "fr-ovh-fwd-03.withings.net"
            },
            "tcp" : {
              "source-port" : {
                "operator" : "eq",
                "port" : 1935
              }
            }
          },
          "actions" : {
            "forwarding" : "accept"
          }
        }, {
          "name" : "to-ipv4-withingsbabymonitor-5",
          "matches" : {
            "ipv4" : {
              "protocol" : 6,
              "ietf-acldns:src-dnsname" : "fr-on-fwd-03.withings.net"
            },
            "tcp" : {
              "source-port" : {
                "operator" : "eq",
                "port" : 1935
              }
            }
          },
          "actions" : {
            "forwarding" : "accept"
          }
        }, {
          "name" : "to-ipv4-withingsbabymonitor-6",
          "matches" : {
            "ipv4" : {
              "protocol" : 6,
              "ietf-acldns:src-dnsname" : "fr-on-vm-02-lxc-05.withings.net"
            },
            "tcp" : {
              "source-port" : {
                "operator" : "eq",
                "port" : 1935
              }
            }
          },
          "actions" : {
            "forwarding" : "accept"
          }
        }, {
          "name" : "to-ipv4-withingsbabymonitor-7",
          "matches" : {
            "ipv4" : {
              "protocol" : 6,
              "ietf-acldns:src-dnsname" : "fr-eqx-fwd-06.withings.com"
            },
            "tcp" : {
              "source-port" : {
                "operator" : "eq",
                "port" : 1935
              }
            }
          },
          "actions" : {
            "forwarding" : "accept"
          }
        }, {
          "name" : "to-ipv4-withingsbabymonitor-8",
          "matches" : {
            "ipv4" : {
              "protocol" : 6,
              "ietf-acldns:src-dnsname" : "us-iweb-fwd-01-lxc-04.withings.net"
            },
            "tcp" : {
              "source-port" : {
                "operator" : "eq",
                "port" : 1935
              }
            }
          },
          "actions" : {
            "forwarding" : "accept"
          }
        } ]
      }
    } ]
  }
}